Tahun,Provinsi,Jenis Ikan,Volume (ton),Nilai (Rp. Juta),Harga Rata-Rata Tertimbang (Rp/kg)
2020,JAWA TIMUR,LEMURU,20178.49,202070,164568
2020,JAWA TIMUR,LAYANG BENGGOL,20012.79,259809,137965
2020,JAWA TIMUR,TONGKOL ABU-ABU,17433.14,204078,181577
2020,JAWA TIMUR,TEMBANG,16340.14,163426,125513
2020,JAWA TIMUR,SWANGGI,15025.59,228754,149447
2020,JAWA TIMUR,RAJUNGAN,14651.78,654754,682290
2020,JAWA TIMUR,TONGKOL LISONG,13876.6,144406,34475
2020,JAWA TIMUR,LAYUR,13551.64,308059,384919
2020,JAWA TIMUR,CAKALANG,13212.43,219081,178990
2020,JAWA TIMUR,KEMBUNG,13191.16,214206,290953
2020,JAWA TIMUR,KURISI,13153.51,196579,239536
2020,JAWA TIMUR,KUNIRAN; BIJI NANGKA,12922.84,176344,168476
2020,JAWA TIMUR,TERI NASI,12086.05,257714,253663
2020,JAWA TIMUR,TONGKOL,11982.55,181221,187973
2020,JAWA TIMUR,KERANG DARAH,11149.63,120350,123598
2020,JAWA TIMUR,TALANG-TALANG,10740.83,107602,92000
2020,JAWA TIMUR,CUMI-CUMI,9673.74,350490,617924
2020,JAWA TIMUR,GULAMAH,8568.08,97021,220767
2020,JAWA TIMUR,PEPEREK TOPANG,7146.97,72608,84173
2020,JAWA TIMUR,KERANG HIJAU,6691.1,83251,99059
2020,JAWA TIMUR,TONGKOL KOMO,6574.22,99693,101633
2020,JAWA TIMUR,LAYANG,6432.96,82262,124041
2020,JAWA TIMUR,KAPAS-KAPAS,6428.76,69598,52632
2020,JAWA TIMUR,BELANAK,5507.24,96609,271183
2020,JAWA TIMUR,LAYANG LIDI; LAYAR DELES,5228.1,53131,70503
2020,JAWA TIMUR,KAKAP MERAH,4860.68,256873,656605
2020,JAWA TIMUR,BIJI NANGKA KARANG,4609.18,67396,36733
2020,JAWA TIMUR,TUNA SIRIP KUNING; MADIDIHANG,4605.5,114397,93808
2020,JAWA TIMUR,SELAR KUNING,4507.6,60273,128271
2020,JAWA TIMUR,KERAPU LUMPUR,3828.98,139954,319674
2020,JAWA TIMUR,BAWAL HITAM,3717.59,139870,347280
2020,JAWA TIMUR,GURITA,3613.99,79051,180858
2020,JAWA TIMUR,KURO; SENANGIN,3510.2,109603,124268
2020,JAWA TIMUR,KAKAP PUTIH,3500.69,147012,319000
2020,JAWA TIMUR,TENGGIRI,2996.78,132131,665359
2020,JAWA TIMUR,TETENGKEK,2878.98,29493,111683
2020,JAWA TIMUR,KUWE,2782.02,69840,332924
2020,JAWA TIMUR,TERI GEPENG,2679.26,26877,53768
2020,JAWA TIMUR,NILA,2603.81,51539,591980
2020,JAWA TIMUR,SLENGSENG,2534.1,29869,50311
2020,JAWA TIMUR,TONGKOL BANYAR,2482.79,39913,156671
2020,JAWA TIMUR,PEPEREK BONDOLAN,2379.04,27415,123710
2020,JAWA TIMUR,EKOR KUNING,2204.45,33646,119405
2020,JAWA TIMUR,BELOSO,2142.92,23425,85969
2020,JAWA TIMUR,KEPITING,2094.75,124560,638411
2020,JAWA TIMUR,TERI KUNING,2057.81,20780,40522
2020,JAWA TIMUR,LENCAM,2000.84,40970,111027
2020,JAWA TIMUR,TUNA MATA BESAR,1953.57,40859,102496
2020,JAWA TIMUR,LAYANG ANGGUR,1945.97,29585,46501
2020,JAWA TIMUR,MANYUNG BESAR,1936.47,36294,104836
2020,JAWA TIMUR,SIPUT,1925.82,25188,61561
2020,JAWA TIMUR,PARI KEMBANG,1889.73,40720,226007
2020,JAWA TIMUR,BAWAL PUTIH,1764.48,73602,356645
2020,JAWA TIMUR,UDANG PUTIH; UDANG API-API,1763.24,91601,602541
2020,JAWA TIMUR,AYAM-AYAM; KAMBING-KAMBING,1728.45,25228,74400
2020,JAWA TIMUR,BESOT,1567.84,23425,51153
2020,JAWA TIMUR,HIU LANJAMAN,1543.38,28149,62391
2020,JAWA TIMUR,UDANG JERBUNG,1537.28,93170,508803
2020,JAWA TIMUR,TAWES,1516.07,20477,486108
2020,JAWA TIMUR,SELAR BENTONG,1486.27,16897,66382
2020,JAWA TIMUR,ALU-ALU SIRIP HITAM; BARAKUDA SIRIP HITAM,1448.85,20395,52819
2020,JAWA TIMUR,BARONANG KUNYIT,1362.37,15460,11348
2020,JAWA TIMUR,GEROT-GEROT,1277.89,36364,63959
2020,JAWA TIMUR,UDANG WINDU,1249.56,90205,393264
2020,JAWA TIMUR,MANYUNG JAHAL,1124.77,15884,36013
2020,JAWA TIMUR,ALU-ALU BESAR; BARAKUDA BESAR,1107.35,13329,177035
2020,JAWA TIMUR,KERONG-KERONG,1049.75,20891,104534
2020,JAWA TIMUR,BARONANG,1017.79,27118,110036
2020,JAWA TIMUR,KAKAP PUTIH; BARAMUNDI,998.76,44819,237463
2020,JAWA TIMUR,ALBAKORA,976.23,29287,90000
2020,JAWA TIMUR,TERI INDIAN,969.6,12423,79897
2020,JAWA TIMUR,KEMBUNG LELAKI,944.18,13196,118351
2020,JAWA TIMUR,LEMADANG,922.19,21052,195532
2020,JAWA TIMUR,JULUNG-JULUNG,879.53,8795,40000
2020,JAWA TIMUR,TERIPANG PASIR; TERIPANG PUTIH,864.04,259212,300000
2020,JAWA TIMUR,PARI KEKEH,820.02,8637,24237
2020,JAWA TIMUR,IKAN DEMERSAL LAINNYA,816.2,9700,11884
2020,JAWA TIMUR,MANYUNG,797.26,14540,110930
2020,JAWA TIMUR,MUJAIR,687.26,9892,340746
2020,JAWA TIMUR,SELAR BATANG,679.63,9132,63966
2020,JAWA TIMUR,KERAPU SUNU,624.08,24588,481999
2020,JAWA TIMUR,BAMBANGAN,617.04,20571,58791
2020,JAWA TIMUR,SEBELAH,599.25,10418,64604
2020,JAWA TIMUR,TERI BAELAMA,598.19,8985,51332
2020,JAWA TIMUR,SERINDING TEMBAKAU,548.9,5703,22349
2020,JAWA TIMUR,SEMAR,524.72,5975,86873
2020,JAWA TIMUR,SIRO,502.96,8079,52596
2020,JAWA TIMUR,JAPUH,433.9,4338,40000
2020,JAWA TIMUR,KENYAR,398.27,5700,45055
2020,JAWA TIMUR,MANYUNG HITAM,391.99,4125,65339
2020,JAWA TIMUR,PARI BABI,382.0,3820,10000
2020,JAWA TIMUR,UDANG CORAL,377.8,3921,10380
2020,JAWA TIMUR,KEMBUNG PEREMPUAN,369.55,4937,35135
2020,JAWA TIMUR,LELE,364.03,5955,323294
2020,JAWA TIMUR,MARLIN HITAM,353.56,8452,98553
2020,JAWA TIMUR,KUWE SEMAR,346.57,6402,37257
2020,JAWA TIMUR,KEPITING BAKAU,343.3,17578,95000
2020,JAWA TIMUR,GABUS,331.97,11022,884853
2020,JAWA TIMUR,SEMBILANG BETUL,328.6,7885,84973
2020,JAWA TIMUR,KUWE GERONG,325.0,9236,43724
2020,JAWA TIMUR,MARLIN BIRU,308.6,8819,28577
2020,JAWA TIMUR,REMANG,307.5,9443,81430
2020,JAWA TIMUR,UDANG BINTIK MERAH,302.25,7276,49071
2020,JAWA TIMUR,TERIPANG BATU,298.2,4473,15000
2020,JAWA TIMUR,LAYARAN,292.33,6014,61634
2020,JAWA TIMUR,MAS,280.99,5822,349438
2020,JAWA TIMUR,UDANG JAMBRET,279.76,7893,90019
2020,JAWA TIMUR,BUNTAL,270.0,2700,20000
2020,JAWA TIMUR,PETEK,259.63,2596,10000
2020,JAWA TIMUR,GOLOK-GOLOK,234.28,2349,76400
2020,JAWA TIMUR,LOBSTER PASIR,218.06,23400,951632
2020,JAWA TIMUR,SELAR PAPAN,191.9,4588,63000
2020,JAWA TIMUR,ALU-ALU GIGI GERGAJI; BARAKUDA GIGI GERGAJI,189.16,3185,65709
2020,JAWA TIMUR,KERAPU KARANG,178.22,6742,270069
2020,JAWA TIMUR,SOTONG,177.9,5020,48390
2020,JAWA TIMUR,KAKAP,174.23,6783,110000
2020,JAWA TIMUR,PARI GERGAJI,168.5,2635,15637
2020,JAWA TIMUR,PATIN JAMBAL,165.85,2765,80398
2020,JAWA TIMUR,PARAY,164.83,3082,65425
2020,JAWA TIMUR,NILEM,150.92,2503,76596
2020,JAWA TIMUR,LIDAH,150.47,3827,95087
2020,JAWA TIMUR,CENDRO,138.84,1582,89444
2020,JAWA TIMUR,ALU-ALU MATA BESAR; BARAKUDA MATA BESAR,133.8,2329,17410
2020,JAWA TIMUR,SELANGET,132.73,1406,33819
2020,JAWA TIMUR,UDANG DANAU,124.72,3338,226599
2020,JAWA TIMUR,KETING,123.94,1743,159655
2020,JAWA TIMUR,TIRAM,103.6,1882,79813
2020,JAWA TIMUR,UDANG GROGO,85.8,1358,15823
2020,JAWA TIMUR,BAUNG PUTIH,82.61,1979,118420
2020,JAWA TIMUR,BETOK,79.11,896,66271
2020,JAWA TIMUR,MATA SEBELAH,76.15,1958,25709
2020,JAWA TIMUR,UDANG GALAH,74.37,2651,238553
2020,JAWA TIMUR,LOBSTER,72.46,16347,763072
2020,JAWA TIMUR,RUMPUT LAUT EUCHEUMA COTTONII,69.03,3451,50000
2020,JAWA TIMUR,PISANG-PISANG,68.12,1219,33000
2020,JAWA TIMUR,BETUTU,53.49,1339,108020
2020,JAWA TIMUR,BELUT SAWAH; REMANG SAWAH,53.44,1850,130758
2020,JAWA TIMUR,KIPER,51.2,1148,22428
2020,JAWA TIMUR,KERANG PISAU LIPAT,46.4,482,10386
2020,JAWA TIMUR,BEUNTEUR,38.61,656,107772
2020,JAWA TIMUR,KAKAP MERAH UTARA,38.28,1531,40000
2020,JAWA TIMUR,SIDAT,36.8,1178,132558
2020,JAWA TIMUR,LALAWAK,33.87,576,17000
2020,JAWA TIMUR,PATIN,32.55,605,69720
2020,JAWA TIMUR,LOBSTER BATIK,30.0,9000,300000
2020,JAWA TIMUR,PETEK PUGNOSE,29.61,321,25000
2020,JAWA TIMUR,BELIDA,26.6,514,38619
2020,JAWA TIMUR,RUMPUT LAUT ACANTHOPHORA SPICIFERA,25.8,258,10000
2020,JAWA TIMUR,GURAME; GURAMI,22.5,536,23815
2020,JAWA TIMUR,HIU BOTOL,20.39,252,35000
2020,JAWA TIMUR,GENGGEHEK,19.32,576,64000
2020,JAWA TIMUR,UDANG RAJA CEPLOK MERAH,18.99,759,40000
2020,JAWA TIMUR,PARI KELELAWAR,18.4,281,28416
2020,JAWA TIMUR,KERAPU KAYU; KERAPU LUMPUR,18.24,638,35000
2020,JAWA TIMUR,SUNGLIR,15.05,295,59195
2020,JAWA TIMUR,GULAMAH KUNING,14.89,206,13811
2020,JAWA TIMUR,UDANG CENDANA,14.7,294,20000
2020,JAWA TIMUR,SEPAT SIAM,14.29,145,33000
2020,JAWA TIMUR,SELAR HIJAU,13.87,170,48263
2020,JAWA TIMUR,SEPAT RAWA,13.74,631,96325
2020,JAWA TIMUR,LOBSTER BATU,12.12,2108,331074
2020,JAWA TIMUR,LAMPAN,11.79,169,27237
2020,JAWA TIMUR,UDANG DOGOL,11.5,144,12500
2020,JAWA TIMUR,SETAN MERAH,11.07,169,30525
2020,JAWA TIMUR,JENAHA,10.8,257,69943
2020,JAWA TIMUR,SELUANG,10.45,199,19000
2020,JAWA TIMUR,KAKAP MERAH BAKAU,9.3,372,40000
2020,JAWA TIMUR,HIU PILUS,9.1,91,10000
2020,JAWA TIMUR,BANDENG,8.9,100,11197
2020,JAWA TIMUR,SILI; TILAN,8.01,140,48125
2020,JAWA TIMUR,KERAPU MACAN,8.0,2000,250000
2020,JAWA TIMUR,KUWE SIRIP KUNING,7.4,190,25707
2020,JAWA TIMUR,KATAK HIJAU,6.91,211,61830
2020,JAWA TIMUR,PARI BURUNG,6.49,74,49400
2020,JAWA TIMUR,UDANG MANTIS,5.9,228,38600
2020,JAWA TIMUR,PEDANG,5.9,59,10000
2020,JAWA TIMUR,UDANG KROSOK KUNING,5.7,168,29474
2020,JAWA TIMUR,SEBELAH; TERABIS,5.57,56,10000
2020,JAWA TIMUR,REMIS,5.3,72,13585
2020,JAWA TIMUR,UDANG VANAME,5.3,382,72170
2020,JAWA TIMUR,UDANG APOLLO,4.94,124,25000
2020,JAWA TIMUR,SELAR BULAT,3.7,37,10000
2020,JAWA TIMUR,KERAPU BALONG,3.58,145,101000
2020,JAWA TIMUR,PINJALO,3.3,66,20061
2020,JAWA TIMUR,BANGKOK,3.08,40,13000
2020,JAWA TIMUR,HAMPALA,2.81,98,35000
2020,JAWA TIMUR,LAYANG BIRU,2.1,40,30000
2020,JAWA TIMUR,HIU ANJING,2.0,20,10000
2020,JAWA TIMUR,TENGGIRI PAPAN,1.79,31,36595
2020,JAWA TIMUR,SEMBILANG KARANG,1.6,25,15562
2020,JAWA TIMUR,UDANG KARANG MEXICAN DWARF,1.41,231,164381
2020,JAWA TIMUR,ABAT,1.28,29,45266
2020,JAWA TIMUR,KERAPU TUTUL,1.07,34,32000
2020,JAWA TIMUR,PARI HIDUNG,1.0,10,10000
2020,JAWA TIMUR,KUWE TUTUL,0.8,18,23000
2020,JAWA TIMUR,KERAPU BEBEK; KERAPU TIKUS,0.59,197,332910
2020,JAWA TIMUR,ALU-ALU OBTUSE; BARAKUDA OBTUSE,0.59,15,25086
2020,JAWA TIMUR,KUWE RAMBUT,0.5,15,30000
2020,JAWA TIMUR,KAKAP BATU,0.4,12,30500
2020,JAWA TIMUR,SIMPING,0.38,5,13000
2020,JAWA TIMUR,LOBSTER BAMBU,0.21,32,150000
2020,JAWA TIMUR,KURISI TERIBANG,0.2,8,40000
2020,JAWA TIMUR,ACANG-ACANG BOMBAY,0.07,1,10000
2021,JAWA TIMUR,LEMURU,34122.08,205375,82929
2021,JAWA TIMUR,TEMBANG,32330.17,129193,100764
2021,JAWA TIMUR,SWANGGI,17063.45,266279,208118
2021,JAWA TIMUR,KEMBUNG,16825.56,317284,338530
2021,JAWA TIMUR,CAKALANG,16720.89,301145,202268
2021,JAWA TIMUR,TONGKOL ABU-ABU,16526.34,213906,191776
2021,JAWA TIMUR,TERI NASI,16449.55,342199,219588
2021,JAWA TIMUR,KURISI,15800.67,257273,291749
2021,JAWA TIMUR,CUMI-CUMI,13963.52,629201,786434
2021,JAWA TIMUR,TONGKOL,12436.2,199522,164850
2021,JAWA TIMUR,TALANG-TALANG,12038.33,75917,95109
2021,JAWA TIMUR,LAYUR,11930.37,355635,568661
2021,JAWA TIMUR,KUNIRAN; BIJI NANGKA,11439.92,139246,156585
2021,JAWA TIMUR,PEPEREK TOPANG,10865.16,58760,60038
2021,JAWA TIMUR,TONGKOL LISONG,10789.85,139685,88447
2021,JAWA TIMUR,RAJUNGAN,10758.08,642834,886449
2021,JAWA TIMUR,LAYANG BENGGOL,10351.46,130373,166203
2021,JAWA TIMUR,LAYANG,10070.8,133637,144635
2021,JAWA TIMUR,KERANG DARAH,9078.94,81153,117789
2021,JAWA TIMUR,PEPEREK BONDOLAN,8921.71,38813,65504
2021,JAWA TIMUR,GULAMAH,8173.06,115159,213271
2021,JAWA TIMUR,SELAR KUNING,7768.42,107925,169297
2021,JAWA TIMUR,LENCAM,7400.35,171645,117742
2021,JAWA TIMUR,TONGKOL KOMO,6863.47,112567,145723
2021,JAWA TIMUR,UDANG PUTIH; UDANG API-API,6753.0,429488,987691
2021,JAWA TIMUR,SELANGET,6733.04,19653,43083
2021,JAWA TIMUR,LAYANG LIDI; LAYAR DELES,6381.38,74177,123031
2021,JAWA TIMUR,TENGGIRI,5756.67,298360,828404
2021,JAWA TIMUR,BELANAK,5616.61,99681,296316
2021,JAWA TIMUR,KAKAP MERAH,5399.73,278276,712886
2021,JAWA TIMUR,GURITA,5355.56,112802,228577
2021,JAWA TIMUR,TERI GEPENG,5246.81,41438,48064
2021,JAWA TIMUR,KAPAS-KAPAS,5158.62,48806,38995
2021,JAWA TIMUR,TUNA SIRIP KUNING; MADIDIHANG,5103.07,112754,96982
2021,JAWA TIMUR,BIJI NANGKA KARANG,4985.49,67278,13495
2021,JAWA TIMUR,MANYUNG BESAR,4570.84,107101,240094
2021,JAWA TIMUR,KERAPU LUMPUR,4197.08,187624,378592
2021,JAWA TIMUR,BAWAL HITAM,4067.2,150254,431244
2021,JAWA TIMUR,TONGKOL BANYAR,3828.79,58499,239683
2021,JAWA TIMUR,KUWE,3715.85,99599,357822
2021,JAWA TIMUR,KEMBUNG PEREMPUAN,3605.1,54886,75521
2021,JAWA TIMUR,SEMAR,3498.6,40211,105513
2021,JAWA TIMUR,KAKAP PUTIH; BARAMUNDI,3396.35,132227,469986
2021,JAWA TIMUR,BELOSO,3029.25,29894,83306
2021,JAWA TIMUR,UDANG GROGO,2842.65,65162,82349
2021,JAWA TIMUR,KURO; SENANGIN,2743.81,67761,117741
2021,JAWA TIMUR,NILA,2614.09,57220,693601
2021,JAWA TIMUR,PARI KEMBANG,2602.22,43753,211509
2021,JAWA TIMUR,SIPUT,2567.75,19047,71903
2021,JAWA TIMUR,KEMBUNG LELAKI,2532.45,50353,197747
2021,JAWA TIMUR,KERANG PUTIH; KUPANG,2463.8,2957,1200
2021,JAWA TIMUR,ALBAKORA,2342.42,64299,100754
2021,JAWA TIMUR,LEMADANG,2276.34,46265,209225
2021,JAWA TIMUR,UDANG JERBUNG,2182.91,119029,443247
2021,JAWA TIMUR,EKOR KUNING,2110.82,41776,167166
2021,JAWA TIMUR,ALU-ALU BESAR; BARAKUDA BESAR,2041.56,42078,167551
2021,JAWA TIMUR,SELAR PAPAN,1964.8,39296,20000
2021,JAWA TIMUR,SELAR BENTONG,1903.88,42386,182758
2021,JAWA TIMUR,LAYANG ANGGUR,1902.76,30686,87927
2021,JAWA TIMUR,BAWAL PUTIH,1897.26,84937,573071
2021,JAWA TIMUR,SLENGSENG,1891.5,24224,109521
2021,JAWA TIMUR,AYAM-AYAM; KAMBING-KAMBING,1846.51,27253,81782
2021,JAWA TIMUR,TUNA MATA BESAR,1832.29,56009,108658
2021,JAWA TIMUR,HIU LANJAMAN,1822.74,47871,130490
2021,JAWA TIMUR,BARONANG,1822.67,48785,134336
2021,JAWA TIMUR,TAWES,1802.93,26230,522791
2021,JAWA TIMUR,TERI KUNING,1725.14,25774,46404
2021,JAWA TIMUR,GEROT-GEROT,1659.96,38218,82911
2021,JAWA TIMUR,KEPITING,1582.09,101473,831957
2021,JAWA TIMUR,KERANG BATIK,1494.8,7474,5000
2021,JAWA TIMUR,UBUR-UBUR BULAN,1481.25,1185,800
2021,JAWA TIMUR,KERONG-KERONG,1456.07,25576,107991
2021,JAWA TIMUR,ALU-ALU SIRIP HITAM; BARAKUDA SIRIP HITAM,1385.2,20663,40116
2021,JAWA TIMUR,JAPUH,1381.18,4206,11135
2021,JAWA TIMUR,BAMBANGAN,1309.5,54339,81000
2021,JAWA TIMUR,REMANG,1201.75,24337,67623
2021,JAWA TIMUR,UDANG WINDU,1144.03,117865,767213
2021,JAWA TIMUR,MUJAIR,1105.67,17744,321606
2021,JAWA TIMUR,MANYUNG JAHAL,1083.68,32234,54981
2021,JAWA TIMUR,JULUNG-JULUNG,1044.67,18017,51848
2021,JAWA TIMUR,TIGAWAJA,1038.97,9351,9000
2021,JAWA TIMUR,PARI KEKEH,953.24,25132,40900
2021,JAWA TIMUR,BULU AYAM,950.8,13088,13765
2021,JAWA TIMUR,SEBELAH,936.51,21529,142442
2021,JAWA TIMUR,PETEK PUGNOSE,904.04,9297,14041
2021,JAWA TIMUR,MANYUNG HITAM,886.84,9043,66851
2021,JAWA TIMUR,TERI INDIAN,883.15,7379,25998
2021,JAWA TIMUR,IKAN DEMERSAL LAINNYA,882.83,10443,93543
2021,JAWA TIMUR,KAKAP MERAH BAKAU,841.3,54770,108000
2021,JAWA TIMUR,KERAPU SUNU,750.24,29819,501288
2021,JAWA TIMUR,SELAR BATANG,711.16,11210,25767
2021,JAWA TIMUR,TERIPANG PASIR; TERIPANG PUTIH,698.4,209520,300000
2021,JAWA TIMUR,SELAR HIJAU,681.82,9646,95122
2021,JAWA TIMUR,MARLIN HITAM,672.96,13715,129676
2021,JAWA TIMUR,UDANG CORAL,636.2,6305,9911
2021,JAWA TIMUR,BIANG,613.6,11305,18425
2021,JAWA TIMUR,LELE,565.63,8871,298972
2021,JAWA TIMUR,KENYAR,554.65,11059,55111
2021,JAWA TIMUR,PETEK,526.68,2975,5649
2021,JAWA TIMUR,GABUS,511.82,19603,1092236
2021,JAWA TIMUR,SIMPING,510.21,16456,77010
2021,JAWA TIMUR,TIRAM,489.05,3702,63608
2021,JAWA TIMUR,TERIPANG BATU; TERIPANG KAPUK,477.4,19013,39826
2021,JAWA TIMUR,MANYUNG,462.6,8037,60430
2021,JAWA TIMUR,KUWE SIRIP KUNING,459.24,17951,190866
2021,JAWA TIMUR,CENDRO,427.62,2350,40489
2021,JAWA TIMUR,MAS,403.53,8573,454365
2021,JAWA TIMUR,KUWE GERONG,398.46,11343,49566
2021,JAWA TIMUR,KERAPU TUTUL,392.6,15704,40000
2021,JAWA TIMUR,PEDANG,390.46,13272,105928
2021,JAWA TIMUR,TERI BULU AYAM,384.34,6939,54419
2021,JAWA TIMUR,SIRO,364.65,6734,56416
2021,JAWA TIMUR,KANTUNG SEMAR,347.59,2302,12822
2021,JAWA TIMUR,BUNTAL,345.9,2688,7772
2021,JAWA TIMUR,KERANG HIJAU,339.39,6870,81372
2021,JAWA TIMUR,KIPER,339.0,8401,24781
2021,JAWA TIMUR,PARAY,336.98,6308,72215
2021,JAWA TIMUR,NILEM,313.78,5139,76792
2021,JAWA TIMUR,LAYARAN,311.24,7047,121983
2021,JAWA TIMUR,TETENGKEK,309.64,2423,90016
2021,JAWA TIMUR,KAKAP PUTIH,306.7,14033,158224
2021,JAWA TIMUR,SOTONG,302.6,16497,144337
2021,JAWA TIMUR,KERAPU KARANG,298.7,11278,286204
2021,JAWA TIMUR,KETING,293.58,4953,252058
2021,JAWA TIMUR,PATIN JAMBAL,288.23,7545,208342
2021,JAWA TIMUR,LIDAH,284.9,4840,73372
2021,JAWA TIMUR,UDANG DOGOL,278.0,1390,5000
2021,JAWA TIMUR,KEPITING BAKAU,275.4,11223,124988
2021,JAWA TIMUR,MARLIN BIRU,274.9,6872,25000
2021,JAWA TIMUR,PINJALO,274.89,7840,115160
2021,JAWA TIMUR,UDANG HARIMAU,272.43,6986,105640
2021,JAWA TIMUR,TERIPANG PUTIH,263.4,3893,14779
2021,JAWA TIMUR,UDANG JAMBRET,255.02,3936,121209
2021,JAWA TIMUR,SERINDING TEMBAKAU,252.59,1128,8668
2021,JAWA TIMUR,BESOT,226.7,6801,84508
2021,JAWA TIMUR,LOBSTER PASIR,226.52,43748,1007685
2021,JAWA TIMUR,RUMPUT LAUT EUCHEUMA COTTONII,226.05,1356,6000
2021,JAWA TIMUR,SEMBILANG BETUL,211.4,4876,112447
2021,JAWA TIMUR,BELUT SAWAH,210.54,9414,194188
2021,JAWA TIMUR,KERANG PISAU LIPAT,184.5,1845,10000
2021,JAWA TIMUR,EMPEROR PINKEAR,175.2,3475,19834
2021,JAWA TIMUR,GABUS LAUT,161.88,4047,25000
2021,JAWA TIMUR,BETOK,158.01,1917,66291
2021,JAWA TIMUR,SEMBILANG,157.0,3140,20000
2021,JAWA TIMUR,SEMBILANG KARANG,148.76,2372,35833
2021,JAWA TIMUR,TAPAH,146.6,3706,25282
2021,JAWA TIMUR,LAYANG EKOR MERAH,140.74,1874,13313
2021,JAWA TIMUR,UDANG GALAH,127.7,4998,339512
2021,JAWA TIMUR,PARI KELAPA,125.09,1853,49780
2021,JAWA TIMUR,ALU-ALU GIGI GERGAJI; BARAKUDA GIGI GERGAJI,123.47,1699,74158
2021,JAWA TIMUR,LOBSTER BAMBU,122.16,27884,1411128
2021,JAWA TIMUR,MATA SEBELAH,113.36,1706,24508
2021,JAWA TIMUR,SUNGLIR,110.34,2233,160254
2021,JAWA TIMUR,GOLOK-GOLOK,107.52,1019,81813
2021,JAWA TIMUR,UDANG DANAU,96.65,3247,271311
2021,JAWA TIMUR,KAKAP,90.5,3524,70000
2021,JAWA TIMUR,ALU-ALU MATA BESAR; BARAKUDA MATA BESAR,85.54,1213,67500
2021,JAWA TIMUR,PARI GERGAJI,83.8,1760,21000
2021,JAWA TIMUR,KERAPU BATIK,82.39,3199,38826
2021,JAWA TIMUR,TERI BAELAMA,82.2,411,5000
2021,JAWA TIMUR,KAKAP BATU,78.04,2790,163407
2021,JAWA TIMUR,KAKATUA BIRU,69.67,1916,27500
2021,JAWA TIMUR,BAUNG PUTIH,68.08,1498,107128
2021,JAWA TIMUR,KURISI BALI,67.93,1928,28390
2021,JAWA TIMUR,BETUTU,61.62,1506,135477
2021,JAWA TIMUR,KAKAP MERAH UTARA,56.5,2260,40000
2021,JAWA TIMUR,UDANG MANTIS,54.4,6319,162100
2021,JAWA TIMUR,JENAHA,50.87,2166,42574
2021,JAWA TIMUR,PARI BURUNG,49.89,603,63696
2021,JAWA TIMUR,UDANG RAJA CEPLOK MERAH,49.58,4523,166000
2021,JAWA TIMUR,PEPEREK CALINGCING,48.42,242,7500
2021,JAWA TIMUR,SEPAT SIAM,46.83,664,22000
2021,JAWA TIMUR,KUWE SEMAR,45.86,764,60071
2021,JAWA TIMUR,SIDAT,45.73,1526,133237
2021,JAWA TIMUR,LAYANG BIRU,42.91,372,44257
2021,JAWA TIMUR,LOBSTER,42.64,12114,985706
2021,JAWA TIMUR,BEUNTEUR,42.46,890,95306
2021,JAWA TIMUR,PARI DURI,42.3,952,22500
2021,JAWA TIMUR,KERAPU KAYU; KERAPU LUMPUR,40.78,1421,61875
2021,JAWA TIMUR,KERAPU BALONG,39.25,1517,38643
2021,JAWA TIMUR,KUWE RAMBUT,39.15,1014,45836
2021,JAWA TIMUR,LOBSTER BATU,38.19,9070,540976
2021,JAWA TIMUR,HIU PILUS,34.7,370,22300
2021,JAWA TIMUR,GENGGEHEK,33.56,691,75055
2021,JAWA TIMUR,MAKEREL BLACKSAIL SNAKE,31.46,472,25758
2021,JAWA TIMUR,UDANG BINTIK MERAH,28.68,840,59979
2021,JAWA TIMUR,RAJUNGAN ANGIN,28.5,570,20000
2021,JAWA TIMUR,PARI KELELAWAR,26.53,377,42823
2021,JAWA TIMUR,KACI-KACI,26.39,449,17000
2021,JAWA TIMUR,UDANG ALOHA,23.9,550,23000
2021,JAWA TIMUR,UDANG VANAME,23.73,1644,130000
2021,JAWA TIMUR,UDANG KROSOK KUNING,22.6,452,20000
2021,JAWA TIMUR,PISANG-PISANG,22.21,267,12000
2021,JAWA TIMUR,LAYUR HITAM,21.48,751,34980
2021,JAWA TIMUR,PATIN,20.7,397,100003
2021,JAWA TIMUR,LALAWAK,17.75,302,17000
2021,JAWA TIMUR,SEPAT RAWA,17.15,189,38346
2021,JAWA TIMUR,SETAN MERAH,16.37,183,18724
2021,JAWA TIMUR,TETRA BERLIAN,16.11,161,10000
2021,JAWA TIMUR,KERANG BULU,15.5,155,10000
2021,JAWA TIMUR,GULAMAH KUNING,14.79,203,13745
2021,JAWA TIMUR,PARI MOBULA,14.26,143,10000
2021,JAWA TIMUR,UDANG CENDANA,14.1,282,20000
2021,JAWA TIMUR,TENGGIRI PAPAN,13.9,421,98975
2021,JAWA TIMUR,BELIDA,13.17,260,62250
2021,JAWA TIMUR,BARONANG ANGIN,13.09,132,10073
2021,JAWA TIMUR,LOBSTER BATIK,12.8,5120,400000
2021,JAWA TIMUR,KERAPU BEBEK; KERAPU TIKUS,12.1,7260,600000
2021,JAWA TIMUR,KUWE LILIN,11.9,202,39388
2021,JAWA TIMUR,SELAR BULAT,11.29,107,9458
2021,JAWA TIMUR,KATAK HIJAU,10.61,347,139837
2021,JAWA TIMUR,BANDENG,10.0,126,27500
2021,JAWA TIMUR,SENUK,9.4,169,18000
2021,JAWA TIMUR,REMIS,9.05,92,22575
2021,JAWA TIMUR,LOBSTER MUTIARA,8.61,5662,2040190
2021,JAWA TIMUR,SILI; TILAN,8.55,185,99030
2021,JAWA TIMUR,GURAME; GURAMI,8.36,272,65000
2021,JAWA TIMUR,KAKAP HITAM,7.3,309,74202
2021,JAWA TIMUR,HAMPALA,5.32,163,44783
2021,JAWA TIMUR,KAKATUA,5.3,212,40000
2021,JAWA TIMUR,TERBANG; TORANI,2.3,34,15000
2021,JAWA TIMUR,LAMPAN,2.2,33,15000
2021,JAWA TIMUR,PARI MANTA OSEANIK,2.1,25,12000
2021,JAWA TIMUR,KEROT-KEROT,1.95,39,20000
2021,JAWA TIMUR,UDANG KARANG MEXICAN DWARF,1.51,247,163616
2021,JAWA TIMUR,ALU-ALU OBTUSE; BARAKUDA OBTUSE,0.95,23,23864
2021,JAWA TIMUR,HIU BOTOL,0.78,16,20000
2021,JAWA TIMUR,TIRAM BATU; TIRAM TEMBAKAU,0.1,4,37500
2021,JAWA TIMUR,KAKAKTUA PUTIH,0.1,3,29640
2021,JAWA TIMUR,GINDARA,0.1,2,20000
2021,JAWA TIMUR,MARLIN LORENG,0.08,2,30000
2022,JAWA TIMUR,LEMURU,40778.33,282505,90903
2022,JAWA TIMUR,TONGKOL LISONG,35274.04,573745,119299
2022,JAWA TIMUR,TEMBANG,35030.16,206974,104334
2022,JAWA TIMUR,TERI NASI,20929.42,351033,222757
2022,JAWA TIMUR,TONGKOL ABU-ABU,19606.58,406046,222298
2022,JAWA TIMUR,SELANGET,17084.5,51261,9006
2022,JAWA TIMUR,KURISI,17065.04,310504,299160
2022,JAWA TIMUR,SWANGGI,17055.48,309294,185402
2022,JAWA TIMUR,CUMI-CUMI,16156.5,719167,773579
2022,JAWA TIMUR,RAJUNGAN,15377.02,908987,729732
2022,JAWA TIMUR,PEPEREK BONDOLAN,14461.16,60177,132352
2022,JAWA TIMUR,KEMBUNG,12931.21,249805,361602
2022,JAWA TIMUR,TONGKOL KOMO,11956.97,370179,179282
2022,JAWA TIMUR,KERANG DARAH,11891.65,283563,203151
2022,JAWA TIMUR,KUNIRAN; BIJI NANGKA,11614.48,184282,221747
2022,JAWA TIMUR,LAYUR,11124.38,276264,546644
2022,JAWA TIMUR,LAYANG,10903.86,152480,200953
2022,JAWA TIMUR,GULAMAH,10655.13,173138,255061
2022,JAWA TIMUR,CAKALANG,10608.75,194546,257674
2022,JAWA TIMUR,TONGKOL,10007.71,208963,191578
2022,JAWA TIMUR,MANYUNG BESAR,10002.56,181878,318488
2022,JAWA TIMUR,KERANG PUTIH; KUPANG,8443.1,8954,2153
2022,JAWA TIMUR,KAKAP MERAH,8369.91,317508,749084
2022,JAWA TIMUR,BELANAK,7663.1,121616,280256
2022,JAWA TIMUR,PEPEREK TOPANG,7467.58,40912,78082
2022,JAWA TIMUR,LAYANG LIDI; LAYAR DELES,6940.41,125100,154935
2022,JAWA TIMUR,TENGGIRI,6220.68,213323,860977
2022,JAWA TIMUR,TUNA SIRIP KUNING; MADIDIHANG,5922.22,175681,246767
2022,JAWA TIMUR,BIJI NANGKA KARANG,5874.43,89227,55128
2022,JAWA TIMUR,KEMBUNG PEREMPUAN,5872.15,133507,121240
2022,JAWA TIMUR,UDANG PUTIH; UDANG API-API,5617.16,209642,941815
2022,JAWA TIMUR,LAYANG BENGGOL,5397.56,93029,168928
2022,JAWA TIMUR,TERI GEPENG,5165.76,60069,99838
2022,JAWA TIMUR,KAPAS-KAPAS,4836.54,58509,92034
2022,JAWA TIMUR,SELAR KUNING,4806.49,80207,198881
2022,JAWA TIMUR,KUWE,4528.82,128164,379118
2022,JAWA TIMUR,TONGKOL BANYAR,3971.08,70527,292277
2022,JAWA TIMUR,GURITA,3648.18,102528,299675
2022,JAWA TIMUR,KAKAP PUTIH; BARAMUNDI,3602.34,128825,451811
2022,JAWA TIMUR,KERAPU LUMPUR,3545.9,148397,545404
2022,JAWA TIMUR,BAWAL HITAM,3489.1,135956,634819
2022,JAWA TIMUR,UDANG GROGO,3338.7,80076,70369
2022,JAWA TIMUR,ALBAKORA,3276.42,88579,130398
2022,JAWA TIMUR,BELOSO,3198.74,41176,134924
2022,JAWA TIMUR,PARI KEMBANG,3081.24,60422,216415
2022,JAWA TIMUR,LAYANG ANGGUR,3038.86,51354,125142
2022,JAWA TIMUR,BARONANG,2961.69,45375,155074
2022,JAWA TIMUR,UDANG JERBUNG,2856.78,162259,419605
2022,JAWA TIMUR,NILA,2401.02,49740,688229
2022,JAWA TIMUR,AYAM-AYAM; KAMBING-KAMBING,2318.62,37034,229447
2022,JAWA TIMUR,KURO; SENANGIN,2287.32,65834,111029
2022,JAWA TIMUR,TERI KUNING,2213.66,64756,52787
2022,JAWA TIMUR,LENCAM,2182.52,59405,163548
2022,JAWA TIMUR,KEMBUNG LELAKI,2065.26,47607,140753
2022,JAWA TIMUR,KUWE SEMAR,2034.9,26544,42596
2022,JAWA TIMUR,BULU AYAM,2024.66,30370,15000
2022,JAWA TIMUR,GEROT-GEROT,1987.36,77122,179670
2022,JAWA TIMUR,EKOR KUNING,1924.25,29319,211152
2022,JAWA TIMUR,SELAR BENTONG,1866.61,60812,245076
2022,JAWA TIMUR,SLENGSENG,1857.36,28747,130212
2022,JAWA TIMUR,TAWES,1828.07,29847,547517
2022,JAWA TIMUR,ALU-ALU SIRIP HITAM; BARAKUDA SIRIP HITAM,1742.81,29009,85861
2022,JAWA TIMUR,SEBELAH,1722.12,32789,213386
2022,JAWA TIMUR,ALU-ALU BESAR; BARAKUDA BESAR,1647.6,25633,208545
2022,JAWA TIMUR,TIGAWAJA,1635.04,45904,34529
2022,JAWA TIMUR,KERONG-KERONG,1347.53,31811,163535
2022,JAWA TIMUR,TUNA MATA BESAR,1251.76,35695,190527
2022,JAWA TIMUR,BAMBANGAN,1230.49,58694,181284
2022,JAWA TIMUR,REMANG,1223.18,51047,237364
2022,JAWA TIMUR,SEMAR,1139.8,12604,98001
2022,JAWA TIMUR,HIU LANJAMAN,1034.68,25039,163298
2022,JAWA TIMUR,BAWAL PUTIH,1000.94,98814,1060000
2022,JAWA TIMUR,MUJAIR,977.81,14584,304362
2022,JAWA TIMUR,UDANG WINDU,942.17,43088,432851
2022,JAWA TIMUR,PETEK,935.77,9671,10335
2022,JAWA TIMUR,SIPUT,860.06,10703,69986
2022,JAWA TIMUR,KERAPU SUNU,854.15,34193,335637
2022,JAWA TIMUR,KENYAR,819.89,15515,55601
2022,JAWA TIMUR,KERAPU KARANG,801.38,21871,341270
2022,JAWA TIMUR,IKAN DEMERSAL LAINNYA,748.61,8508,20785
2022,JAWA TIMUR,KAKAP MERAH BAKAU,719.8,50386,70000
2022,JAWA TIMUR,SELAR BATANG,713.41,12996,18217
2022,JAWA TIMUR,KEPITING,702.48,45451,474490
2022,JAWA TIMUR,TERI BULU AYAM,668.37,11236,77473
2022,JAWA TIMUR,LEMADANG,667.74,14138,280037
2022,JAWA TIMUR,SELAR BULAT,621.16,20245,59816
2022,JAWA TIMUR,KERANG BATIK,617.7,13589,22000
2022,JAWA TIMUR,REMANG HITAM,589.93,16359,52733
2022,JAWA TIMUR,MANYUNG,574.22,9919,90444
2022,JAWA TIMUR,UBUR-UBUR BULAN,519.74,435,837
2022,JAWA TIMUR,MAS,516.72,11734,462963
2022,JAWA TIMUR,PARI BURUNG,496.99,10917,107394
2022,JAWA TIMUR,KUWE GERONG,468.33,12961,82726
2022,JAWA TIMUR,TERIPANG PASIR; TERIPANG PUTIH,436.4,10910,25000
2022,JAWA TIMUR,KANTUNG SEMAR,409.67,4481,50178
2022,JAWA TIMUR,KUWE SIRIP KUNING,403.17,16823,95000
2022,JAWA TIMUR,LAYUR HITAM,385.38,8218,64213
2022,JAWA TIMUR,KUWE LILIN,368.16,12692,93236
2022,JAWA TIMUR,LAYARAN,360.11,9909,153857
2022,JAWA TIMUR,TIRAM,356.8,8288,97103
2022,JAWA TIMUR,KEPITING BAKAU,349.05,15034,205000
2022,JAWA TIMUR,PINJALO,346.63,10614,102143
2022,JAWA TIMUR,MARLIN HITAM,343.26,8512,217455
2022,JAWA TIMUR,UDANG CORAL,343.0,4166,12145
2022,JAWA TIMUR,GABUS,337.02,13789,1085704
2022,JAWA TIMUR,KERAPU MACAN,323.51,12217,127553
2022,JAWA TIMUR,EMPEROR PINKEAR,321.7,6579,20451
2022,JAWA TIMUR,MANYUNG HITAM,312.4,4858,166786
2022,JAWA TIMUR,LELE,311.75,5520,292427
2022,JAWA TIMUR,TETENGKEK,307.06,3663,137127
2022,JAWA TIMUR,KURISI PERAK,279.89,3248,11604
2022,JAWA TIMUR,SEMBILANG,273.0,5458,37500
2022,JAWA TIMUR,PARAY,264.02,5123,100534
2022,JAWA TIMUR,MARLIN BIRU,257.41,6451,95000
2022,JAWA TIMUR,PARI KELAPA,255.02,3917,67767
2022,JAWA TIMUR,LOBSTER PASIR,234.37,60400,1513972
2022,JAWA TIMUR,KAKAP PUTIH,228.79,10373,269392
2022,JAWA TIMUR,UDANG HARIMAU,225.98,9554,42277
2022,JAWA TIMUR,PARI KEKEH,225.72,7041,146634
2022,JAWA TIMUR,SOTONG,218.83,13791,281886
2022,JAWA TIMUR,KETING,215.25,3465,202101
2022,JAWA TIMUR,KERANG PISAU LIPAT,212.9,4684,22000
2022,JAWA TIMUR,KAKAP BATU,199.44,7467,124453
2022,JAWA TIMUR,NILEM,196.2,3612,97332
2022,JAWA TIMUR,KAKAP HITAM,188.45,10275,127988
2022,JAWA TIMUR,KURISI BALI,187.92,4886,48267
2022,JAWA TIMUR,MANYUNG ROUNDSNOT,183.64,3122,17000
2022,JAWA TIMUR,KERAPU BEBEK; KERAPU TIKUS,174.3,3788,49363
2022,JAWA TIMUR,PATIN JAMBAL,174.08,3695,279133
2022,JAWA TIMUR,JULUNG-JULUNG,174.02,1746,81857
2022,JAWA TIMUR,SEMBILANG BETUL,165.59,3058,113783
2022,JAWA TIMUR,BESOT,162.1,5976,74116
2022,JAWA TIMUR,MATA SEBELAH,159.35,2795,56906
2022,JAWA TIMUR,KACI-KACI,157.1,4271,46722
2022,JAWA TIMUR,RUMPUT LAUT EUCHEUMA COTTONII,154.2,925,6000
2022,JAWA TIMUR,JENAHA,141.64,4172,65135
2022,JAWA TIMUR,LIDAH,137.59,3923,122747
2022,JAWA TIMUR,HIU GERGAJI,131.87,2692,26505
2022,JAWA TIMUR,BIANG,131.1,3278,25000
2022,JAWA TIMUR,GABUS LAUT,130.91,3486,48714
2022,JAWA TIMUR,BANDENG,130.51,3092,57584
2022,JAWA TIMUR,UDANG JAMBRET,123.69,1838,91000
2022,JAWA TIMUR,RUMPUT LAUT ACANTHOPHORA SPICIFERA,120.0,720,6000
2022,JAWA TIMUR,CENDRO,115.57,1157,42170
2022,JAWA TIMUR,KIPER,109.4,2791,25513
2022,JAWA TIMUR,TERIPANG PUTIH,108.0,1483,24782
2022,JAWA TIMUR,TENGGIRI BATANG; TENGGIRI INDIA,107.66,7017,180711
2022,JAWA TIMUR,MANYUNG JAHAL,100.28,2134,68872
2022,JAWA TIMUR,ALU-ALU GIGI GERGAJI; BARAKUDA GIGI GERGAJI,97.17,1741,34451
2022,JAWA TIMUR,TODAK,96.6,3864,40000
2022,JAWA TIMUR,BAUNG PUTIH,94.32,2007,168943
2022,JAWA TIMUR,BETOK,86.96,995,58487
2022,JAWA TIMUR,UDANG DANAU,85.13,2755,207233
2022,JAWA TIMUR,TERI SAMOAN,79.9,799,10000
2022,JAWA TIMUR,KERAPU BATIK,79.06,4313,54552
2022,JAWA TIMUR,KAPASAN,78.9,794,20165
2022,JAWA TIMUR,UDANG GALAH,76.46,3543,280702
2022,JAWA TIMUR,TALANG-TALANG TOTOL,73.8,603,8165
2022,JAWA TIMUR,SUNGLIR,73.55,1670,122216
2022,JAWA TIMUR,BELUT SAWAH; REMANG SAWAH,67.54,2428,188748
2022,JAWA TIMUR,LOBSTER,65.38,17766,545738
2022,JAWA TIMUR,BETUTU,65.08,1784,152681
2022,JAWA TIMUR,SEPAT SIAM,60.99,377,21858
2022,JAWA TIMUR,PETEK PUGNOSE,60.4,302,5000
2022,JAWA TIMUR,GOLOK-GOLOK,59.81,1695,183466
2022,JAWA TIMUR,TALANG-TALANG,58.04,791,91695
2022,JAWA TIMUR,BAWAL LONJONG,57.36,1950,34000
2022,JAWA TIMUR,UDANG ALOHA,56.73,1646,83000
2022,JAWA TIMUR,KAKAP MERAH UTARA,56.51,2240,95789
2022,JAWA TIMUR,PEDANG,52.9,1164,22000
2022,JAWA TIMUR,PATIN,52.82,1071,128311
2022,JAWA TIMUR,ALU-ALU OBTUSE; BARAKUDA OBTUSE,48.65,1119,46000
2022,JAWA TIMUR,SELAR HIJAU,47.58,945,111194
2022,JAWA TIMUR,LAYANG BIRU,44.81,723,32511
2022,JAWA TIMUR,UDANG KROSOK,39.8,786,19750
2022,JAWA TIMUR,TERI INDIAN,39.61,410,20366
2022,JAWA TIMUR,SELAR JANTAN,36.8,473,12848
2022,JAWA TIMUR,KAKAP JENAHA,34.85,1099,67496
2022,JAWA TIMUR,KUWE BIBIR TEBAL,33.77,1857,55000
2022,JAWA TIMUR,BEUNTEUR,32.8,694,125253
2022,JAWA TIMUR,LOBSTER BATIK,32.0,8000,250000
2022,JAWA TIMUR,BELANAK SIPIT,31.94,416,25041
2022,JAWA TIMUR,GENGGEHEK,31.38,624,73883
2022,JAWA TIMUR,TENGGIRI PAPAN,29.1,1616,146714
2022,JAWA TIMUR,UDANG RAJA CEPLOK MERAH,28.81,3078,224656
2022,JAWA TIMUR,JAPUH,27.63,112,4061
2022,JAWA TIMUR,LOBSTER BATU,27.34,7301,554442
2022,JAWA TIMUR,BELIDA,26.61,532,20000
2022,JAWA TIMUR,PISANG-PISANG,25.61,640,25000
2022,JAWA TIMUR,KERAPU BALONG,25.1,878,35000
2022,JAWA TIMUR,SIDAT,24.15,950,135634
2022,JAWA TIMUR,BARONANG ANGIN,24.05,331,29891
2022,JAWA TIMUR,GULAMAH KUNING,23.98,330,13766
2022,JAWA TIMUR,LOBSTER BAMBU,22.83,6636,1252139
2022,JAWA TIMUR,TERUBUK,21.4,535,25000
2022,JAWA TIMUR,SIRO,20.6,711,34515
2022,JAWA TIMUR,KAKATUA,20.43,628,62500
2022,JAWA TIMUR,SIMPING,20.06,232,26424
2022,JAWA TIMUR,KERAPU KAYU; KERAPU LUMPUR,19.43,680,35000
2022,JAWA TIMUR,UDANG BINTIK MERAH,17.44,436,25000
2022,JAWA TIMUR,GURAME; GURAMI,17.4,348,20000
2022,JAWA TIMUR,TAPAH,17.1,445,26000
2022,JAWA TIMUR,UDANG BERAS,16.44,576,35000
2022,JAWA TIMUR,LALAWAK,13.85,236,17000
2022,JAWA TIMUR,MAKEREL BLACKSAIL SNAKE,13.64,260,74008
2022,JAWA TIMUR,KATAK HIJAU,13.43,458,107843
2022,JAWA TIMUR,SEPAT RAWA,13.26,102,40508
2022,JAWA TIMUR,KUWE RAMBUT,11.6,392,33793
2022,JAWA TIMUR,BAWAL SABIT,10.58,391,37000
2022,JAWA TIMUR,UDANG VANAME,9.8,661,67474
2022,JAWA TIMUR,KIPER LAUT,8.7,44,5000
2022,JAWA TIMUR,HIU PILUS,7.3,88,12000
2022,JAWA TIMUR,BETOK LAUT,7.2,50,7000
2022,JAWA TIMUR,PARI KELELAWAR,6.85,72,54906
2022,JAWA TIMUR,PARI HIDUNG,6.23,93,15000
2022,JAWA TIMUR,UDANG MANTIS,6.1,529,288000
2022,JAWA TIMUR,SILI; TILAN,5.83,133,71000
2022,JAWA TIMUR,SETAN MERAH,5.8,27,7038
2022,JAWA TIMUR,LOBSTER MUTIARA,4.99,2454,1037837
2022,JAWA TIMUR,MAKEREL ULAR; MAKEREL ROUDI ESCOLAR,4.11,75,18213
2022,JAWA TIMUR,HAMPALA,4.1,144,35000
2022,JAWA TIMUR,PEPEREK CALINGCING,3.79,19,12070
2022,JAWA TIMUR,UDANG KARANG,3.54,588,166220
2022,JAWA TIMUR,ALU-ALU MATA BESAR; BARAKUDA MATA BESAR,3.54,89,50000
2022,JAWA TIMUR,TERBANG; TORANI,2.6,39,15000
2022,JAWA TIMUR,KERANG HIJAU,2.5,50,40000
2022,JAWA TIMUR,UDANG PASIR,2.0,60,30000
2022,JAWA TIMUR,SERINDING TEMBAKAU,1.14,9,8362
2022,JAWA TIMUR,KERAPU BATU,1.1,60,55000
2022,JAWA TIMUR,KAKATUA BIRU,1.0,29,29000
2022,JAWA TIMUR,RUMPUT LAUT SARGASSUM MUTICUM,0.7,4,5186
2022,JAWA TIMUR,LAYANG EKOR MERAH,0.4,9,21500
2022,JAWA TIMUR,PARI BABI,0.33,3,8595
2022,JAWA TIMUR,REMIS,0.3,3,10240
2022,JAWA TIMUR,KETANG-KETANG,0.29,5,16000
2022,JAWA TIMUR,LAYUR MERAH,0.23,5,22530
2022,JAWA TIMUR,TIRAM BATU; TIRAM TEMBAKAU,0.2,7,32850
2022,JAWA TIMUR,KERAPU LODI,0.19,9,45000
2022,JAWA TIMUR,SENUK,0.13,2,15000
2022,JAWA TIMUR,HIU BOTOL,0.11,2,20000
2022,JAWA TIMUR,SEBELAH; TERABIS,0.09,2,24520
2022,JAWA TIMUR,CUCUT LANJAM,0.08,1,6500
2022,JAWA TIMUR,MARLIN LORENG,0.05,2,35000
2023,JAWA TIMUR,LEMURU,43444.85,243456,68344
2023,JAWA TIMUR,TEMBANG,26584.61,147119,69881
2023,JAWA TIMUR,KURISI,22004.42,432294,279154
2023,JAWA TIMUR,SWANGGI,19232.11,365766,203339
2023,JAWA TIMUR,TONGKOL ABU-ABU,16939.35,336980,201076
2023,JAWA TIMUR,CUMI-CUMI,16368.15,814661,783514
2023,JAWA TIMUR,LAYANG LIDI; LAYAR DELES,15303.89,190849,131764
2023,JAWA TIMUR,KEMBUNG,14911.28,276049,300251
2023,JAWA TIMUR,LAYANG,13987.05,167639,124787
2023,JAWA TIMUR,LAYANG BENGGOL,13971.27,198337,210061
2023,JAWA TIMUR,KUNIRAN; BIJI NANGKA,13848.15,206473,179630
2023,JAWA TIMUR,KERANG DARAH,12818.6,87406,151838
2023,JAWA TIMUR,TERI NASI,11422.54,284990,248524
2023,JAWA TIMUR,TONGKOL KOMO,11412.61,250412,247392
2023,JAWA TIMUR,TONGKOL LISONG,11362.8,131427,79078
2023,JAWA TIMUR,MANYUNG BESAR,11280.66,286854,249005
2023,JAWA TIMUR,CAKALANG,10407.9,168272,220009
2023,JAWA TIMUR,PEPEREK TOPANG,10396.97,59791,63122
2023,JAWA TIMUR,TERI INDIAN,10276.81,82251,42277
2023,JAWA TIMUR,LAYUR,10159.2,227750,511200
2023,JAWA TIMUR,PEPEREK BONDOLAN,10099.98,48834,78922
2023,JAWA TIMUR,GULAMAH,9384.51,105215,233726
2023,JAWA TIMUR,RAJUNGAN,8845.76,621938,839244
2023,JAWA TIMUR,KAKAP MERAH,8552.39,415599,656253
2023,JAWA TIMUR,KAPAS-KAPAS,7537.92,72314,79207
2023,JAWA TIMUR,TERI GEPENG,7370.77,69300,73628
2023,JAWA TIMUR,BELANAK,7025.07,113878,229304
2023,JAWA TIMUR,SELANGET,7006.73,20133,16864
2023,JAWA TIMUR,SELAR KUNING,6641.79,105710,189918
2023,JAWA TIMUR,TONGKOL,6579.83,128300,185238
2023,JAWA TIMUR,LAYANG ANGGUR,6304.1,94211,93795
2023,JAWA TIMUR,KERAPU LUMPUR,6289.34,250642,333133
2023,JAWA TIMUR,TONGKOL BANYAR,6152.01,97139,272211
2023,JAWA TIMUR,TENGGIRI,5567.76,277919,876951
2023,JAWA TIMUR,BELOSO,5519.95,60609,90572
2023,JAWA TIMUR,KUWE,4784.54,164597,352398
2023,JAWA TIMUR,KEMBUNG PEREMPUAN,4385.0,92307,144625
2023,JAWA TIMUR,KERANG PUTIH; KUPANG,4189.8,4051,1900
2023,JAWA TIMUR,UDANG PUTIH; UDANG API-API,4059.75,218859,706731
2023,JAWA TIMUR,SLENGSENG,4017.63,45485,52400
2023,JAWA TIMUR,KAKAP MERAH BAKAU,3964.33,232528,86001
2023,JAWA TIMUR,MAKEREL ULAR; MAKEREL ROUDI ESCOLAR,3881.61,48711,72690
2023,JAWA TIMUR,BARONANG,3798.75,109770,183418
2023,JAWA TIMUR,GURITA,3680.97,131365,245596
2023,JAWA TIMUR,UDANG GROGO,3669.59,84659,32548
2023,JAWA TIMUR,BIJI NANGKA KARANG,3469.92,45747,42309
2023,JAWA TIMUR,BAWAL HITAM,3396.05,128959,858683
2023,JAWA TIMUR,TUNA SIRIP KUNING; MADIDIHANG,3361.66,88386,188877
2023,JAWA TIMUR,KUWE SIRIP KUNING,3305.91,122278,67017
2023,JAWA TIMUR,AYAM-AYAM; KAMBING-KAMBING,3217.26,80854,150120
2023,JAWA TIMUR,PARI KEMBANG,3118.44,62509,214216
2023,JAWA TIMUR,SEMAR,2972.77,29789,117962
2023,JAWA TIMUR,ALU-ALU BESAR; BARAKUDA BESAR,2940.4,44096,243845
2023,JAWA TIMUR,KAKAP PUTIH; BARAMUNDI,2900.91,121053,483043
2023,JAWA TIMUR,UDANG JERBUNG,2788.88,179070,487501
2023,JAWA TIMUR,KANTUNG SEMAR,2686.05,20676,17670
2023,JAWA TIMUR,KURO; SENANGIN,2637.21,83259,193526
2023,JAWA TIMUR,NILA,2178.7,39328,531127
2023,JAWA TIMUR,BULU AYAM,2152.88,32288,19000
2023,JAWA TIMUR,EKOR KUNING,2137.03,50082,133518
2023,JAWA TIMUR,PUCUK NIPAH,1726.4,54365,31490
2023,JAWA TIMUR,KUWE SEMAR,1681.19,24043,54297
2023,JAWA TIMUR,BAMBANGAN,1558.46,83640,158925
2023,JAWA TIMUR,KERAPU KARANG,1460.68,37442,248939
2023,JAWA TIMUR,KEMBUNG LELAKI,1452.42,31934,169940
2023,JAWA TIMUR,TAWES,1397.6,19617,409972
2023,JAWA TIMUR,PARI KEKEH,1301.3,22289,85104
2023,JAWA TIMUR,LENCAM,1285.51,31355,85926
2023,JAWA TIMUR,JULUNG-JULUNG,1276.1,13291,73351
2023,JAWA TIMUR,REMANG,1212.55,30622,130814
2023,JAWA TIMUR,MUJAIR,1204.49,15797,254369
2023,JAWA TIMUR,SELAR BENTONG,1201.78,18295,146758
2023,JAWA TIMUR,SEBELAH,1157.66,22884,138749
2023,JAWA TIMUR,KERONG-KERONG,1106.25,32766,78910
2023,JAWA TIMUR,TERI KUNING,1100.83,11150,18144
2023,JAWA TIMUR,GANDU,1088.75,19559,17965
2023,JAWA TIMUR,SELAR BULAT,1079.8,20644,19118
2023,JAWA TIMUR,ALU-ALU SIRIP HITAM; BARAKUDA SIRIP HITAM,1074.56,14464,23933
2023,JAWA TIMUR,IKAN DEMERSAL LAINNYA,1037.1,12066,11634
2023,JAWA TIMUR,ALBAKORA,1028.82,29612,111255
2023,JAWA TIMUR,LEMADANG,943.22,18978,315367
2023,JAWA TIMUR,ALU-ALU OBTUSE; BARAKUDA OBTUSE,913.2,16385,50339
2023,JAWA TIMUR,PETEK,849.97,5100,6000
2023,JAWA TIMUR,KENYAR,840.38,18494,55056
2023,JAWA TIMUR,ALU-ALU GIGI GERGAJI; BARAKUDA GIGI GERGAJI,798.7,6713,44820
2023,JAWA TIMUR,TERI SAMOAN,781.0,2745,3515
2023,JAWA TIMUR,GEROT-GEROT,761.62,58512,119080
2023,JAWA TIMUR,SELAR BATANG,727.61,11642,16000
2023,JAWA TIMUR,MAKEREL BLACKSAIL SNAKE,724.62,7521,20840
2023,JAWA TIMUR,KEPITING,715.73,51252,588503
2023,JAWA TIMUR,BAWAL PUTIH,690.91,39714,557487
2023,JAWA TIMUR,TUNA MATA BESAR,639.87,19194,182465
2023,JAWA TIMUR,KERAPU BATIK,589.68,30396,51546
2023,JAWA TIMUR,KEPITING BAKAU,581.15,26293,165769
2023,JAWA TIMUR,KEROT-KEROT,578.56,15617,26994
2023,JAWA TIMUR,HIU LANJAMAN,569.81,12583,84519
2023,JAWA TIMUR,KERAPU SUNU,558.42,24774,454286
2023,JAWA TIMUR,EMPEROR PINKEAR,548.7,15335,27948
2023,JAWA TIMUR,ANGGOLI,541.36,16241,30000
2023,JAWA TIMUR,JAPUH,540.5,1622,6002
2023,JAWA TIMUR,UDANG WINDU,519.93,34731,595000
2023,JAWA TIMUR,TERI BULU AYAM,516.98,9861,59756
2023,JAWA TIMUR,GOLOK-GOLOK,516.06,5900,82133
2023,JAWA TIMUR,SIRO,513.29,1975,35577
2023,JAWA TIMUR,BANDENG,492.31,7678,47720
2023,JAWA TIMUR,PEPEREK CALINGCING,472.83,2125,22972
2023,JAWA TIMUR,TETENGKEK,450.31,4277,126027
2023,JAWA TIMUR,KETING,442.16,5263,160202
2023,JAWA TIMUR,HIU AIR,413.84,8246,19925
2023,JAWA TIMUR,SIPUT,412.6,3570,29459
2023,JAWA TIMUR,HIU KARANG SIRIP HITAM,402.84,10474,26000
2023,JAWA TIMUR,TALANG-TALANG,394.17,4219,133418
2023,JAWA TIMUR,LOBSTER PASIR,391.09,50002,748060
2023,JAWA TIMUR,PARI BURUNG,383.27,8055,94671
2023,JAWA TIMUR,TIRAM,370.9,10991,97993
2023,JAWA TIMUR,BALONG ENAM BAN MELINTANG,362.75,17049,47000
2023,JAWA TIMUR,GABUS,308.12,11679,828825
2023,JAWA TIMUR,LAYARAN,307.69,8988,142273
2023,JAWA TIMUR,MAS,307.23,6013,291458
2023,JAWA TIMUR,CENDRO,287.51,2258,37025
2023,JAWA TIMUR,LELE,270.95,4538,247731
2023,JAWA TIMUR,BESOT,270.77,10284,99646
2023,JAWA TIMUR,MARLIN BIRU,256.5,6412,25000
2023,JAWA TIMUR,KAKAP PUTIH,223.74,9178,207497
2023,JAWA TIMUR,MARLIN HITAM,210.41,5605,192582
2023,JAWA TIMUR,SOTONG,208.09,12973,207279
2023,JAWA TIMUR,KERANG PISAU LIPAT,207.1,2071,10000
2023,JAWA TIMUR,UDANG MANTIS,206.6,1377,291000
2023,JAWA TIMUR,PARAY,206.15,3991,77654
2023,JAWA TIMUR,TERIPANG PASIR; TERIPANG PUTIH,201.3,31269,155333
2023,JAWA TIMUR,KAKAP BATU,199.8,6944,124146
2023,JAWA TIMUR,TODAK,193.9,2972,15325
2023,JAWA TIMUR,UDANG PASIR,191.06,4150,21721
2023,JAWA TIMUR,UDANG VANAME,190.6,4975,111333
2023,JAWA TIMUR,NILEM,173.15,2911,98840
2023,JAWA TIMUR,LOBSTER,160.14,38444,240066
2023,JAWA TIMUR,TERI BAELAMA,157.6,971,6160
2023,JAWA TIMUR,PATIN JAMBAL,155.06,3803,216265
2023,JAWA TIMUR,SUNGLIR,141.47,2773,119437
2023,JAWA TIMUR,ACANG-ACANG BOMBAY,141.1,282,2000
2023,JAWA TIMUR,PINJALO,130.07,3874,55000
2023,JAWA TIMUR,KUWE GERONG,128.44,3225,81554
2023,JAWA TIMUR,BIANG,127.9,3123,24419
2023,JAWA TIMUR,UDANG JAMBRET,126.77,1701,91000
2023,JAWA TIMUR,GABUS LAUT,126.53,3497,27634
2023,JAWA TIMUR,MANYUNG JAHAL,118.76,2375,33000
2023,JAWA TIMUR,MANYUNG HITAM,112.56,1668,39930
2023,JAWA TIMUR,MATA SEBELAH,109.24,1639,15000
2023,JAWA TIMUR,PEDANG,107.3,2361,22000
2023,JAWA TIMUR,UMELA,100.91,2926,29000
2023,JAWA TIMUR,JENAHA,97.46,4024,73453
2023,JAWA TIMUR,PARI TOTOL BIRU,91.84,2296,24995
2023,JAWA TIMUR,BAUNG PUTIH,91.44,2372,278001
2023,JAWA TIMUR,SEPAT RAWA,88.66,559,24776
2023,JAWA TIMUR,KERAPU BALONG,88.4,4252,110000
2023,JAWA TIMUR,KURISI PERAK,85.69,1371,16000
2023,JAWA TIMUR,PATIN,85.04,1633,116670
2023,JAWA TIMUR,KACI-KACI,82.36,2105,60547
2023,JAWA TIMUR,BETOK,75.39,855,45031
2023,JAWA TIMUR,UDANG DANAU,71.65,2303,199353
2023,JAWA TIMUR,LALAWAK,71.34,3163,67000
2023,JAWA TIMUR,REMIS,68.2,1153,16903
2023,JAWA TIMUR,SEMBILANG,67.4,1348,20000
2023,JAWA TIMUR,TERIPANG PUTIH,64.1,1154,18000
2023,JAWA TIMUR,LOBSTER BATU,63.6,14914,234490
2023,JAWA TIMUR,KERAPU MACAN,63.45,3490,54999
2023,JAWA TIMUR,KURISI BALI,63.05,299,19838
2023,JAWA TIMUR,UDANG GALAH,60.23,1563,373250
2023,JAWA TIMUR,LAYANG EKOR MERAH,60.09,674,11209
2023,JAWA TIMUR,PARI KELAPA,59.4,819,27705
2023,JAWA TIMUR,TIGAWAJA,56.94,683,11999
2023,JAWA TIMUR,BELUT SAWAH,53.06,1739,79800
2023,JAWA TIMUR,SEMBILANG BETUL,52.89,890,43295
2023,JAWA TIMUR,LIDAH,46.77,960,91500
2023,JAWA TIMUR,TALANG-TALANG TOTOL,40.9,318,7785
2023,JAWA TIMUR,SELAR HIJAU,40.76,996,112333
2023,JAWA TIMUR,UDANG DOGOL,39.8,1393,35000
2023,JAWA TIMUR,KAKAP MERAH UTARA,32.77,1965,120000
2023,JAWA TIMUR,BEUNTEUR,32.57,760,142080
2023,JAWA TIMUR,TENGGIRI PAPAN,32.03,1941,223518
2023,JAWA TIMUR,BUNTAL,29.97,82,2745
2023,JAWA TIMUR,LOBSTER MUTIARA,27.2,9600,706000
2023,JAWA TIMUR,GULAMAH KUNING,24.16,290,12000
2023,JAWA TIMUR,KAKAP GAJAH,23.73,949,40000
2023,JAWA TIMUR,KUWE LILIN,22.76,413,64792
2023,JAWA TIMUR,GENGGEHEK,21.83,492,59000
2023,JAWA TIMUR,KELALAH,21.46,858,39998
2023,JAWA TIMUR,SIDAT,20.38,794,142434
2023,JAWA TIMUR,SEPAT SIAM,19.59,240,32789
2023,JAWA TIMUR,SIMPING,18.64,221,24317
2023,JAWA TIMUR,KERAPU BEBEK; KERAPU TIKUS,18.1,2312,172857
2023,JAWA TIMUR,LAYUR HITAM,17.87,625,35000
2023,JAWA TIMUR,LOBSTER BATIK,17.2,4300,250000
2023,JAWA TIMUR,KETANG-KETANG,16.63,282,22898
2023,JAWA TIMUR,TAPAH,16.6,531,32000
2023,JAWA TIMUR,UDANG RAJA CEPLOK MERAH,15.72,2293,246329
2023,JAWA TIMUR,BELANAK SIPIT,15.06,176,11671
2023,JAWA TIMUR,KAKAP HITAM,14.84,778,130064
2023,JAWA TIMUR,SILI; TILAN,14.06,598,64746
2023,JAWA TIMUR,PARI BABI,13.55,141,24957
2023,JAWA TIMUR,KERAPU KAYU; KERAPU LUMPUR,13.03,463,107567
2023,JAWA TIMUR,LOBSTER BAMBU,12.73,990,375276
2023,JAWA TIMUR,HIU BIRU,11.21,168,15000
2023,JAWA TIMUR,MANYUNG,9.45,79,35500
2023,JAWA TIMUR,BETUTU,9.08,189,45000
2023,JAWA TIMUR,KAKAKTUA PUTIH,8.4,294,35000
2023,JAWA TIMUR,HIU PILUS,7.3,110,15000
2023,JAWA TIMUR,KATAK HIJAU,7.1,212,29833
2023,JAWA TIMUR,PARI HIDUNG,6.91,93,26192
2023,JAWA TIMUR,UDANG ALOHA,6.83,410,60000
2023,JAWA TIMUR,PADI-PADI HITAM,6.64,166,24997
2023,JAWA TIMUR,ALU-ALU MATA BESAR; BARAKUDA MATA BESAR,6.6,162,24470
2023,JAWA TIMUR,RAJUNGAN ANGIN,6.14,180,29312
2023,JAWA TIMUR,HAMPALA,5.7,200,35000
2023,JAWA TIMUR,SETAN LONGFIN CIGARFISH,5.08,16,3157
2023,JAWA TIMUR,BUNTAL KARANG,4.69,14,3029
2023,JAWA TIMUR,HIU MARTIL,3.38,68,19997
2023,JAWA TIMUR,SEMAH; KANCRA,3.2,320,100000
2023,JAWA TIMUR,SETAN MERAH,3.1,25,8000
2023,JAWA TIMUR,KERANG HIJAU,2.5,20,8000
2023,JAWA TIMUR,TERBANG; TORANI,2.5,38,15000
2023,JAWA TIMUR,PARI MUARA,1.9,27,14023
2023,JAWA TIMUR,KAKATUA BIRU,1.51,68,45000
2023,JAWA TIMUR,KURISI HIJAU,1.09,27,24991
2023,JAWA TIMUR,PARI KELELAWAR,1.01,13,12875
2023,JAWA TIMUR,LAYANG BIRU,1.0,15,15000
2023,JAWA TIMUR,BELANAK JUMPUL,0.99,13,12855
2023,JAWA TIMUR,SEMBILANG KARANG,0.98,19,19000
2023,JAWA TIMUR,GALUH INDIAN,0.59,4,7000
2023,JAWA TIMUR,TENGGIRI BATANG; TENGGIRI INDIA,0.34,18,55000
2023,JAWA TIMUR,KERAPU BATU,0.22,12,56000
2023,JAWA TIMUR,TUNA SIRIP BIRU SELATAN,0.22,9,40000
2023,JAWA TIMUR,SERINDING TEMBAKAU,0.2,1,4000
2023,JAWA TIMUR,GURAME; GURAMI,0.2,6,32500
2023,JAWA TIMUR,BARONANG ANGIN,0.09,1,12488
2024,JAWA TIMUR,LEMURU,26589.06,147358,46775
2024,JAWA TIMUR,TEMBANG GARIS KUNING,26209.34,158093,114729
2024,JAWA TIMUR,CAKALANG,21348.78,408262,214405
2024,JAWA TIMUR,LAYANG DELES,19050.94,225456,132757
2024,JAWA TIMUR,LAYANG BENGGOL,18778.06,212123,189264
2024,JAWA TIMUR,TONGKOL ABU-ABU,18223.38,298465,204780
2024,JAWA TIMUR,SWANGGI BINTIK UNGU,17803.14,290700,123879
2024,JAWA TIMUR,TONGKOL KOMO,17485.41,325065,266064
2024,JAWA TIMUR,KEMBUNG GEPENG,16190.91,287457,289319
2024,JAWA TIMUR,CUMI-CUMI,15976.98,759824,825792
2024,JAWA TIMUR,LAYANG JEPANG,15253.55,180755,152023
2024,JAWA TIMUR,KERANG DARAH,14912.18,104912,117986
2024,JAWA TIMUR,TONGKOL LISONG,14276.89,136906,67830
2024,JAWA TIMUR,TERI,13530.87,137328,82116
2024,JAWA TIMUR,LAYUR KEPALA BESAR,13393.07,309093,489247
2024,JAWA TIMUR,KURISI SIRIP KERDIL,13254.37,177340,26420
2024,JAWA TIMUR,PEPEREK BONDOLAN,12952.07,50509,89043
2024,JAWA TIMUR,TONGKOL KRAI,12873.8,193760,168646
2024,JAWA TIMUR,TEMBANG PUTIH,11720.83,56931,24821
2024,JAWA TIMUR,RAJUNGAN BIASA,9492.53,617890,848764
2024,JAWA TIMUR,TERI GEPENG,9026.92,97734,77920
2024,JAWA TIMUR,TERI NASI GACER,7951.76,233094,192794
2024,JAWA TIMUR,SELAR KUNING,7152.89,102059,181026
2024,JAWA TIMUR,PEPEREK TOPANG,7049.85,38324,51077
2024,JAWA TIMUR,BELANAK,6802.57,100030,179635
2024,JAWA TIMUR,BIJI NANGKA EMAS,6442.74,77525,80771
2024,JAWA TIMUR,MAKEREL ULAR; MAKEREL ROUDI ESCOLAR,6313.12,56336,52138
2024,JAWA TIMUR,TERI NASI DEVISI,6042.14,131713,123814
2024,JAWA TIMUR,TUNA SIRIP KUNING,5990.03,135647,163517
2024,JAWA TIMUR,BELOSO,5477.41,58265,47909
2024,JAWA TIMUR,SELANGET,5397.92,14254,16640
2024,JAWA TIMUR,MANYUNG UTIK,5267.29,94220,99317
2024,JAWA TIMUR,KERANG PUTIH; KUPANG,5200.6,77466,31000
2024,JAWA TIMUR,NILA,5000.46,98189,673751
2024,JAWA TIMUR,LENCAM PASIR MATA BESAR,4940.52,41021,130369
2024,JAWA TIMUR,KAKAP MERAH PESISIR,4715.78,253932,703918
2024,JAWA TIMUR,UDANG DOGOL BELANG,4653.57,167286,604680
2024,JAWA TIMUR,TEMBANG SERISIH,4643.41,13964,11979
2024,JAWA TIMUR,KEMBUNG PEREMPUAN,4631.63,96809,136063
2024,JAWA TIMUR,TENGGIRI,4398.16,232694,944913
2024,JAWA TIMUR,LAYANG ANGGUR,4273.87,61052,109529
2024,JAWA TIMUR,MANYUNG BESAR,4088.21,76242,194724
2024,JAWA TIMUR,KUNIRAN,4000.27,49577,56675
2024,JAWA TIMUR,GURITA,3813.5,139989,314056
2024,JAWA TIMUR,UDANG GROGO,3514.19,27639,51214
2024,JAWA TIMUR,JANGKI KUPU BINTIK HITAM,3502.3,64354,105936
2024,JAWA TIMUR,BAWAL HITAM,3468.43,135917,766685
2024,JAWA TIMUR,PARI KEMBANG,3454.41,64673,237599
2024,JAWA TIMUR,KUWE,3151.46,110751,338211
2024,JAWA TIMUR,SELAR BENTONG,3112.3,55618,125427
2024,JAWA TIMUR,OPAH,2906.49,31520,128633
2024,JAWA TIMUR,BIJI NANGKA MERAH,2898.4,34616,23943
2024,JAWA TIMUR,BAWAL JENGGOT,2806.71,49369,17590
2024,JAWA TIMUR,RENGGANIS,2746.28,12113,53007
2024,JAWA TIMUR,BIJI NANGKA HINDIA,2697.97,36083,53000
2024,JAWA TIMUR,UBUR-UBUR BULAN,2681.73,7918,11235
2024,JAWA TIMUR,BARAMUNDI,2665.41,105942,497171
2024,JAWA TIMUR,UDANG JERBUNG,2639.9,171709,529286
2024,JAWA TIMUR,SENANGIN EMPAT SURAI,2617.45,81568,208503
2024,JAWA TIMUR,BULU AYAM CANGKANG,2567.32,21850,21250
2024,JAWA TIMUR,TAWES,2477.91,38734,590489
2024,JAWA TIMUR,IKAN JAKET BUKUR,2445.14,112098,222836
2024,JAWA TIMUR,SLENGSENG,2428.13,23822,76426
2024,JAWA TIMUR,IKAN AYAM-AYAM,2417.0,29641,77378
2024,JAWA TIMUR,BELOSO BUNTUT KEBO,2280.51,13613,30785
2024,JAWA TIMUR,GULAMA SOLDADO,2222.96,35414,60000
2024,JAWA TIMUR,KURISI JEPANG,2192.52,31471,147268
2024,JAWA TIMUR,ALU-ALU BESAR,2091.08,37289,234486
2024,JAWA TIMUR,KEMBUNG LELAKI,2071.12,50634,236285
2024,JAWA TIMUR,KAPAS-KAPAS BADAN LEBAR,1948.97,14283,31500
2024,JAWA TIMUR,MUJAIR,1916.13,24730,341366
2024,JAWA TIMUR,REMANG PUTIH,1771.47,33658,19000
2024,JAWA TIMUR,LENCAM,1642.98,39567,85181
2024,JAWA TIMUR,TIGAWAJA KEKEN,1641.57,15182,75640
2024,JAWA TIMUR,ALU-ALU GIGI GERGAJI,1594.21,13611,38500
2024,JAWA TIMUR,KEPITING PLONGKOR,1528.93,113263,583598
2024,JAWA TIMUR,KERAPU KARANG,1443.37,35772,273344
2024,JAWA TIMUR,SELAR BULAT,1431.8,28380,27871
2024,JAWA TIMUR,BELANAK ABU-ABU,1424.15,22022,84200
2024,JAWA TIMUR,IKAN SEBELAH,1406.93,27739,131314
2024,JAWA TIMUR,JANGKI TIGA GARIS,1394.04,38225,55037
2024,JAWA TIMUR,KUWE MULUT PUTIH,1373.21,52339,59871
2024,JAWA TIMUR,BARONANG MONCONG PANJANG,1316.5,33946,45792
2024,JAWA TIMUR,KAKAP MERAH EKOR PANJANG,1298.0,63365,285682
2024,JAWA TIMUR,KURISI CAMBUK GANDA,1245.79,16865,41468
2024,JAWA TIMUR,HIU AIR,1214.06,24281,20000
2024,JAWA TIMUR,TUNA MATA BESAR,1213.97,31655,174846
2024,JAWA TIMUR,BULU AYAM GALEBERAN,1174.56,14839,55872
2024,JAWA TIMUR,PETEK,1164.17,5805,13000
2024,JAWA TIMUR,PARI KEKEH,1144.2,20253,96390
2024,JAWA TIMUR,PISANG-PISANG PARALOLOSI,1120.95,19610,88899
2024,JAWA TIMUR,SWANGGI EKOR BULAN,1108.97,16489,104099
2024,JAWA TIMUR,TEMBANG FIMBRIATA,1091.7,6550,6000
2024,JAWA TIMUR,KURO,1074.79,34742,32324
2024,JAWA TIMUR,KERAPU LUMPUR STRIP TUJUH,1041.35,49779,285836
2024,JAWA TIMUR,TIGAWAJA PUTIH,1009.28,11794,73662
2024,JAWA TIMUR,ALU-ALU SIRIP HITAM,999.89,9808,49883
2024,JAWA TIMUR,KENYAR,998.42,15979,58305
2024,JAWA TIMUR,GULAMAH PAPAN,937.07,11958,12761
2024,JAWA TIMUR,KERAPU DURI PANJANG,936.8,32629,64833
2024,JAWA TIMUR,TERI JENGKI,933.9,7471,8000
2024,JAWA TIMUR,ALU-ALU,871.92,10226,24885
2024,JAWA TIMUR,TERUBUK,815.9,1498,1836
2024,JAWA TIMUR,KERONG-KERONG,807.24,18400,63549
2024,JAWA TIMUR,SENANGIN MULUT KECIL,795.18,27036,34000
2024,JAWA TIMUR,GULAMAH BINTIK HITAM,789.12,7804,65281
2024,JAWA TIMUR,KUWE MATA BESAR,776.95,34963,90000
2024,JAWA TIMUR,LEMADANG,757.93,15296,267507
2024,JAWA TIMUR,ALBAKORA,736.27,17411,86797
2024,JAWA TIMUR,SELAR BATANG,727.61,11642,16000
2024,JAWA TIMUR,IKAN DEMERSAL LAINNYA,706.8,8061,11404
2024,JAWA TIMUR,LAYANG EKOR MERAH,643.42,15442,24000
2024,JAWA TIMUR,MAS,638.67,14531,514557
2024,JAWA TIMUR,GULAMAH,634.7,7414,35358
2024,JAWA TIMUR,REMANG,610.4,14145,324621
2024,JAWA TIMUR,BAWAL PUTIH,607.47,33635,783321
2024,JAWA TIMUR,KAKAP SAWO,607.03,21389,77661
2024,JAWA TIMUR,KETING,605.98,8052,226641
2024,JAWA TIMUR,MUJAER LAUT,593.63,20414,165413
2024,JAWA TIMUR,KERAPU BATIK,589.68,38329,65000
2024,JAWA TIMUR,GEROT-GEROT,586.9,15262,34000
2024,JAWA TIMUR,LAYANG BIRU,572.6,3570,32825
2024,JAWA TIMUR,BARONANG BINTIK PUTIH,569.12,10951,148183
2024,JAWA TIMUR,UDANG WINDU,548.7,59643,721806
2024,JAWA TIMUR,SEMAR,535.55,3740,24267
2024,JAWA TIMUR,KERAPU SUNU,535.45,21418,40000
2024,JAWA TIMUR,PEPEREK,530.49,2686,22999
2024,JAWA TIMUR,TERI KUNING,502.96,12900,34000
2024,JAWA TIMUR,PARI BURUNG,498.8,10894,69016
2024,JAWA TIMUR,COBIA,498.18,13524,42000
2024,JAWA TIMUR,KAKAP BAKAU,494.4,26418,142000
2024,JAWA TIMUR,BANDENG LAUT,493.9,8465,59576
2024,JAWA TIMUR,GABUS,493.21,19563,1109625
2024,JAWA TIMUR,KUWE BOBARA,470.83,13113,122424
2024,JAWA TIMUR,MANYUNG JAHAL,467.64,5330,52646
2024,JAWA TIMUR,LOBSTER PASIR,465.93,71542,1246796
2024,JAWA TIMUR,HIU LANJAMAN CAUTUS,465.88,6056,13000
2024,JAWA TIMUR,JAPUH PELANGI,433.72,1233,8100
2024,JAWA TIMUR,KAKAP MERAH,427.92,27806,79000
2024,JAWA TIMUR,KERONG-KERONG JARBUA,419.38,11153,63737
2024,JAWA TIMUR,TIRAM,400.5,11742,148150
2024,JAWA TIMUR,SOTONG FIRON,383.11,18743,258359
2024,JAWA TIMUR,MANYUNG HITAM,378.01,3792,48097
2024,JAWA TIMUR,KERAPU LUMPUR SIRIP TINGGI,357.19,19645,55000
2024,JAWA TIMUR,IKAN LAYARAN,339.9,9314,162808
2024,JAWA TIMUR,EKOR KUNING,339.24,4168,30657
2024,JAWA TIMUR,AYAM-AYAM; KAMBING-KAMBING,338.7,12814,105000
2024,JAWA TIMUR,UDANG RONGGENG,333.4,8699,388000
2024,JAWA TIMUR,KERAPU BINTIK BIRU,332.0,12914,49000
2024,JAWA TIMUR,KERAPU LUMPUR STRIP ENAM,325.45,11322,34788
2024,JAWA TIMUR,LELE,323.81,5805,343173
2024,JAWA TIMUR,TETENGKEK,317.6,4453,155742
2024,JAWA TIMUR,SELAR UBUR-UBUR,307.74,3721,12091
2024,JAWA TIMUR,KACI-KACI BIBIR HITAM,305.29,15855,201622
2024,JAWA TIMUR,GANDU,303.45,3641,12000
2024,JAWA TIMUR,HIU KARANG,302.76,5281,49955
2024,JAWA TIMUR,SETUHUK HITAM,302.73,6025,204254
2024,JAWA TIMUR,PATIN JAMBAL,302.45,6496,299100
2024,JAWA TIMUR,KEPITING BAKAU COKLAT,298.68,14378,138541
2024,JAWA TIMUR,SUNGLIR,288.8,5696,168486
2024,JAWA TIMUR,IKAN LIDAH,277.92,5016,70716
2024,JAWA TIMUR,SELAR COMO,271.81,2233,119059
2024,JAWA TIMUR,UDANG DOGOL JINGGA,268.7,5970,157188
2024,JAWA TIMUR,PARAY,264.19,5225,127475
2024,JAWA TIMUR,SETUHUK BIRU,263.34,6550,73286
2024,JAWA TIMUR,MAKEREL BLACKSAIL SNAKE,247.25,2075,36699
2024,JAWA TIMUR,TENGGIRI PAPAN,243.16,19813,232507
2024,JAWA TIMUR,KAKAP,243.01,12442,51200
2024,JAWA TIMUR,CENDRO,241.65,1600,23796
2024,JAWA TIMUR,KAPAS-KAPAS LEBAR DURI PANJANG,240.97,3793,34932
2024,JAWA TIMUR,GOLOK-GOLOK,223.72,2056,78256
2024,JAWA TIMUR,TIGAWAJA PERAK,204.57,2595,12685
2024,JAWA TIMUR,UDANG PUTIH; UDANG API-API,203.74,8072,451940
2024,JAWA TIMUR,KACI-KACI SIRIP BINTIK ORANGE,197.81,3165,16000
2024,JAWA TIMUR,IKAN TODAK,193.79,7748,60000
2024,JAWA TIMUR,REJUNG PERAK,192.72,6943,81418
2024,JAWA TIMUR,SIPUT,192.57,1034,63486
2024,JAWA TIMUR,NILEM,190.64,3210,116882
2024,JAWA TIMUR,TERIPANG PASIR,186.6,28092,150547
2024,JAWA TIMUR,LOBSTER,185.03,121143,1216967
2024,JAWA TIMUR,NOMEI,179.6,359,2000
2024,JAWA TIMUR,KAKAP PERAK MERAH,178.34,9339,52368
2024,JAWA TIMUR,KERANG PISAU LIPAT,178.1,1855,10413
2024,JAWA TIMUR,KURISI BALI PITA EMAS,177.47,5324,30000
2024,JAWA TIMUR,PARI BURUNG BINTIK PUTIH,161.01,3830,23790
2024,JAWA TIMUR,GALUH PUTIH,157.76,1420,9000
2024,JAWA TIMUR,KURISI BALI GIGI TAJAM,156.23,625,4000
2024,JAWA TIMUR,RUMPUT LAUT,154.2,1223,7932
2024,JAWA TIMUR,KERANG,151.9,10633,70000
2024,JAWA TIMUR,BAUNG PUTIH,151.5,3311,206688
2024,JAWA TIMUR,KERAPU LUMPUR BINTIK ORANGE,148.34,6263,90009
2024,JAWA TIMUR,UDANG DOGOL BIRU,140.5,4720,67000
2024,JAWA TIMUR,KACI-KACI BATIK KUNING,134.79,3370,25000
2024,JAWA TIMUR,KEPITING BAKAU JINGGA,134.56,6726,72000
2024,JAWA TIMUR,JULUNG-JULUNG PERAK,130.43,1720,28330
2024,JAWA TIMUR,KURISI BENANG EMAS,127.73,2328,18227
2024,JAWA TIMUR,SEMBILANG ABU-ABU,123.91,3173,86759
2024,JAWA TIMUR,KUWE SIRIP KUNING,123.65,3709,60000
2024,JAWA TIMUR,KACI-KACI BINTIK BIRU,119.24,886,28495
2024,JAWA TIMUR,KAKATUA,118.3,1895,16021
2024,JAWA TIMUR,TENGGIRI BATANG,117.48,7023,199713
2024,JAWA TIMUR,JULUNG-JULUNG,117.11,1430,45241
2024,JAWA TIMUR,IKAN PEDANG,116.17,2556,44000
2024,JAWA TIMUR,LOBSTER BATU,109.9,27355,543420
2024,JAWA TIMUR,MATA SEBELAH,109.24,1639,15000
2024,JAWA TIMUR,KAKAP JENAHA,109.16,5709,52301
2024,JAWA TIMUR,CUMI KARET,106.98,3883,113628
2024,JAWA TIMUR,UDANG JAMBRET,106.82,1152,41000
2024,JAWA TIMUR,SEPAT RAWA,102.89,252,36556
2024,JAWA TIMUR,KEPITING BAKAU,96.26,3127,75000
2024,JAWA TIMUR,GULAMAH JARANG GIGI,87.82,1054,12000
2024,JAWA TIMUR,KURISI ENAM GARIS PUTIH,85.9,1977,23019
2024,JAWA TIMUR,KAKAP MERAH UTARA,84.15,3940,100000
2024,JAWA TIMUR,KAKAP MATA BESAR,82.86,4218,50901
2024,JAWA TIMUR,SEPAT SIAM,82.75,1182,48687
2024,JAWA TIMUR,RUMPUT LAUT ACANTHOPHORA SPICIFERA,78.0,632,8098
2024,JAWA TIMUR,BETOK,74.75,910,59202
2024,JAWA TIMUR,BIJI NANGKA STRIP KUNING,73.31,880,12000
2024,JAWA TIMUR,IKAN LIDAH SISIK KASAR,72.1,1532,21250
2024,JAWA TIMUR,PARI KELAPA,66.42,930,42000
2024,JAWA TIMUR,PATIN,65.83,1350,112655
2024,JAWA TIMUR,BIANG,65.7,1533,23338
2024,JAWA TIMUR,BETUTU,63.99,1549,135477
2024,JAWA TIMUR,KUNIRAN BINTIK,62.87,754,12000
2024,JAWA TIMUR,UDANG GALAH,61.57,2348,284698
2024,JAWA TIMUR,BELANAK SIPIT,61.01,931,15267
2024,JAWA TIMUR,JENAHA,59.92,2417,73961
2024,JAWA TIMUR,TALANG TALANG BESAR,58.17,1105,19000
2024,JAWA TIMUR,REMIS,57.2,1244,52240
2024,JAWA TIMUR,TERIPANG PUTIH,57.2,759,13264
2024,JAWA TIMUR,KAKAP GORARA,53.74,2783,51786
2024,JAWA TIMUR,KERAPU INSANG BERGERIGI,51.82,2854,55077
2024,JAWA TIMUR,KERONG-KERONG PADI,48.52,754,15539
2024,JAWA TIMUR,BARONANG KORAL,48.4,1700,75000
2024,JAWA TIMUR,TALANG TALANG,46.93,844,37906
2024,JAWA TIMUR,LAYUR HITAM,46.84,787,40342
2024,JAWA TIMUR,LAYUR JOGOR,46.42,1160,59980
2024,JAWA TIMUR,TALANG TALANG LYSAN,45.44,449,54143
2024,JAWA TIMUR,BARONANG BATIK,43.13,458,28000
2024,JAWA TIMUR,KUNIRAN GURAT EMAS,43.06,555,12888
2024,JAWA TIMUR,SIMPING,38.56,726,57072
2024,JAWA TIMUR,BEUNTEUR,37.86,869,144104
2024,JAWA TIMUR,KUWE LILIN TILE,37.16,652,17546
2024,JAWA TIMUR,LOBSTER MUTIARA,36.69,11326,1127058
2024,JAWA TIMUR,LOBSTER BAMBU,36.4,11045,1056958
2024,JAWA TIMUR,KETANG-KETANG,36.26,616,17000
2024,JAWA TIMUR,GONTOR,35.88,572,23000
2024,JAWA TIMUR,BUNA EMAS,33.16,285,8600
2024,JAWA TIMUR,KERAPU EKOR GUNTING,32.41,3818,312655
2024,JAWA TIMUR,LENCAM AMBON,31.96,639,20000
2024,JAWA TIMUR,GENGGEHEK,30.89,639,74675
2024,JAWA TIMUR,UDANG ALOHA,29.78,1787,60000
2024,JAWA TIMUR,KAKAP PINJALO MERAH,29.1,836,75850
2024,JAWA TIMUR,KUWE OBLONG,28.5,609,45397
2024,JAWA TIMUR,KEPITING,28.3,2574,90972
2024,JAWA TIMUR,KERAPU LUMPUR,28.07,1502,99557
2024,JAWA TIMUR,MANYUNG,28.06,406,43000
2024,JAWA TIMUR,SIRO,27.62,630,33000
2024,JAWA TIMUR,SEMBILANG,27.1,542,20000
2024,JAWA TIMUR,BULU AYAM BANGKOK,26.71,80,3000
2024,JAWA TIMUR,BELIDA,26.61,532,20000
2024,JAWA TIMUR,MANYUNG PERUNGGU,26.18,471,18000
2024,JAWA TIMUR,KERAPU KARANG BERMINYAK,25.82,965,90000
2024,JAWA TIMUR,ANTOAN,25.61,307,12000
2024,JAWA TIMUR,BAWAL TONGKAT,24.76,906,36586
2024,JAWA TIMUR,KAKAP PUTIH; BARAMUNDI,22.7,908,40000
2024,JAWA TIMUR,PETEK PUGNOSE,22.7,114,5000
2024,JAWA TIMUR,ALU-ALU MATA BESAR,22.24,556,75041
2024,JAWA TIMUR,KAKAP UMELA,21.69,629,29000
2024,JAWA TIMUR,LOBSTER BATIK,21.6,6450,298611
2024,JAWA TIMUR,KAKAP PUTIH,21.3,1065,50000
2024,JAWA TIMUR,KAKAP BUTTON,19.62,1018,51889
2024,JAWA TIMUR,TERI BAELAMA,18.8,150,8000
2024,JAWA TIMUR,LALAWAK,18.51,529,67000
2024,JAWA TIMUR,HIU SUPER,17.5,405,23167
2024,JAWA TIMUR,SILI; TILAN,17.45,897,75361
2024,JAWA TIMUR,UDANG BINTIK MERAH,17.44,145,8332
2024,JAWA TIMUR,SIDAT,17.05,810,134483
2024,JAWA TIMUR,UDANG BERAS,16.44,576,35000
2024,JAWA TIMUR,JULUNG-JULUNG TOTOL HITAM,16.27,145,35090
2024,JAWA TIMUR,BAWAL TONGKAT TAI,16.23,892,55000
2024,JAWA TIMUR,KERAPU BEBEK,16.0,1998,226566
2024,JAWA TIMUR,GULAMAH AMOY,15.91,204,12811
2024,JAWA TIMUR,IKAN KAKATUA PELURU,15.68,255,16248
2024,JAWA TIMUR,KAKAP MERAH TIMOR,15.18,732,48203
2024,JAWA TIMUR,IKAN BIDADARI BATIK,14.11,310,45570
2024,JAWA TIMUR,UDANG CENDANA,14.1,282,20000
2024,JAWA TIMUR,PARI BABI,12.5,312,25000
2024,JAWA TIMUR,KUWE LILIN,12.48,187,15000
2024,JAWA TIMUR,KATAK HIJAU,12.33,425,107865
2024,JAWA TIMUR,HIU MERAK BULU MONCONG BULAT,12.28,190,42530
2024,JAWA TIMUR,UDANG DANAU,11.72,586,100000
2024,JAWA TIMUR,LENCAM MOSAMBIC,11.27,282,25000
2024,JAWA TIMUR,KAKAP HITAM,10.48,557,106705
2024,JAWA TIMUR,KEROT-KEROT,10.19,204,20000
2024,JAWA TIMUR,UDANG KROSOK KUNING,9.6,480,50000
2024,JAWA TIMUR,GULAMAH JEPANG,9.29,118,12706
2024,JAWA TIMUR,KAKAP BUNGKUK,9.27,371,40000
2024,JAWA TIMUR,BANDENG,8.96,206,23000
2024,JAWA TIMUR,KAKAP MARKISA,8.52,404,47370
2024,JAWA TIMUR,IKAN LIDAH SISIK BESAR,8.5,60,7000
2024,JAWA TIMUR,MUNGKUS GIURIS,7.92,95,12000
2024,JAWA TIMUR,TERI SAMOAN,7.9,237,30000
2024,JAWA TIMUR,KAKAKTUA PUTIH,7.9,276,35000
2024,JAWA TIMUR,BERELAH,7.87,197,25000
2024,JAWA TIMUR,UDANG LURIK,7.47,1170,310000
2024,JAWA TIMUR,HIU PISANG,7.3,110,15000
2024,JAWA TIMUR,PARI KAMPRET,7.05,84,32085
2024,JAWA TIMUR,TALANG DAUN BAMBU,6.98,126,41215
2024,JAWA TIMUR,SELAR PAPAN,6.91,234,33836
2024,JAWA TIMUR,SETAN MERAH,6.9,64,9246
2024,JAWA TIMUR,HAMPALA,6.62,209,44783
2024,JAWA TIMUR,PARI KUPU-KUPU,6.23,62,10000
2024,JAWA TIMUR,KAKAP KELALAH,6.05,242,40000
2024,JAWA TIMUR,HIU,5.92,118,20000
2024,JAWA TIMUR,KACI-KACI,5.9,148,25000
2024,JAWA TIMUR,LENCAM BULAN-BULAN,5.55,156,28000
2024,JAWA TIMUR,KURISI HIJAU,5.28,121,22967
2024,JAWA TIMUR,UDANG VANAME,5.2,321,61667
2024,JAWA TIMUR,BUNTAL KARANG,5.04,25,5000
2024,JAWA TIMUR,LENCAM BIBIR MANIS,4.73,82,45000
2024,JAWA TIMUR,BULAN-BULAN,4.72,145,30752
2024,JAWA TIMUR,GULAMAH ANEA,4.7,60,12760
2024,JAWA TIMUR,SWANGGI TEMBAKAU,4.3,19,4500
2024,JAWA TIMUR,LENCAM GARIS BIRU,4.22,118,28000
2024,JAWA TIMUR,MANYUNG OTEK,3.95,71,18000
2024,JAWA TIMUR,KAKAP PINJALO RAMPING,3.8,95,25000
2024,JAWA TIMUR,KURISI BALI MAWAR,3.44,63,18425
2024,JAWA TIMUR,GEROT-GEROT SILVER,3.36,91,27000
2024,JAWA TIMUR,KERAPU MALABAR,3.2,128,40000
2024,JAWA TIMUR,KUWE PUNGGUNG COKLAT,3.18,73,23000
2024,JAWA TIMUR,GURAME,3.16,140,121250
2024,JAWA TIMUR,BELOSO BINTIK HITAM,3.07,37,12000
2024,JAWA TIMUR,KERANG HIJAU,2.9,24,18325
2024,JAWA TIMUR,UDANG KARANG MEXICAN DWARF,2.87,488,170000
2024,JAWA TIMUR,IKAN LIDAH GARIS GANDA,2.73,41,15000
2024,JAWA TIMUR,TERBANG; TORANI,2.7,40,15000
2024,JAWA TIMUR,PARI HIDUNG SEKOP,2.62,59,22446
2024,JAWA TIMUR,HIU LANJAM,2.2,55,25000
2024,JAWA TIMUR,KUNIRAN; BIJI NANGKA,2.2,22,10000
2024,JAWA TIMUR,KERAPU SUNU MACAN,1.99,63,89000
2024,JAWA TIMUR,KURISI AURORA,1.99,37,18471
2024,JAWA TIMUR,KAKAP CABLIKAN,1.95,97,49648
2024,JAWA TIMUR,KAKAP GAGA,1.92,93,48389
2024,JAWA TIMUR,PARANG,1.5,40,27000
2024,JAWA TIMUR,SEBELAH MATA KANAN,1.46,22,15000
2024,JAWA TIMUR,KUWE SIRIP BIRU,1.44,65,45000
2024,JAWA TIMUR,KERAPU SUNU PELANA HITAM,1.38,276,200000
2024,JAWA TIMUR,SEMAH; KANCRA,1.3,130,100000
2024,JAWA TIMUR,KIPER,1.21,10,8600
2024,JAWA TIMUR,JANGKI SETAN,1.21,19,33000
2024,JAWA TIMUR,KAMBING-KAMBING TIKUS,1.16,15,35000
2024,JAWA TIMUR,KUWE BIBIR TEBAL,1.05,47,52925
2024,JAWA TIMUR,SWANGGI SIRIP PANJANG,1.03,10,10000
2024,JAWA TIMUR,GEROT-GEROT SIRIP BINTIK,0.98,27,27000
2024,JAWA TIMUR,PARI MUARA,0.98,15,15000
2024,JAWA TIMUR,HIU MACAN,0.94,40,42550
2024,JAWA TIMUR,SEMBILANG KARANG,0.87,17,19000
2024,JAWA TIMUR,RAJUNGAN ANGIN,0.81,32,40000
2024,JAWA TIMUR,TONANG BAGIO,0.71,9,12573
2024,JAWA TIMUR,RUMPUT LAUT SARGASSUM MUTICUM,0.7,4,5186
2024,JAWA TIMUR,CENDRO CAROANG,0.68,11,28000
2024,JAWA TIMUR,KERAPU SUNU LODI,0.67,37,55000
2024,JAWA TIMUR,BIJI NANGKA,0.66,8,12000
2024,JAWA TIMUR,KUWE TUTUL BIRU,0.52,23,45000
2024,JAWA TIMUR,KERAPU LUMPUR BALONG,0.45,25,55000
2024,JAWA TIMUR,IKAN KAKATUA GOBAN,0.42,19,45000
2024,JAWA TIMUR,PISANG-PISANG BENCONG,0.41,7,15900
2024,JAWA TIMUR,GINDARA,0.36,1,3000
2024,JAWA TIMUR,CENDRO LENGKUNG,0.32,4,13320
2024,JAWA TIMUR,HIU SELENDANG,0.32,5,15000
2024,JAWA TIMUR,KERAPU BINTIK COKLAT,0.31,17,55000
2024,JAWA TIMUR,HIU TOKEK,0.3,10,32000
2024,JAWA TIMUR,HIU LANJAMAN COIDES,0.29,2,7938
2024,JAWA TIMUR,GINDARA SETAN,0.26,2,16000
2024,JAWA TIMUR,TUNA SIRIP BIRU SELATAN,0.26,3,10899
2024,JAWA TIMUR,LENCAM SIRIP PANJANG,0.24,7,28000
2024,JAWA TIMUR,PISANG-PISANG DUA GARIS KUNING,0.23,5,21300
2024,JAWA TIMUR,TIRAM BATU; TIRAM TEMBAKAU,0.2,7,32850
2024,JAWA TIMUR,KERAPU BINTIK KUNING,0.2,11,55000
2024,JAWA TIMUR,IKAN BIDADARI BIRU,0.19,2,8959
2024,JAWA TIMUR,KERONG-KERONG BESAR,0.13,2,12000
2024,JAWA TIMUR,HIU MAKO,0.12,2,26829
2024,JAWA TIMUR,KURISI SIRIP MERAH,0.12,2,15000
2024,JAWA TIMUR,HIU BOTOL,0.11,1,7925
2024,JAWA TIMUR,GINDARA ESCOLAR,0.1,1,20057
2024,JAWA TIMUR,KACI-KACI UNICOLOR,0.09,1,15000
2024,JAWA TIMUR,UDANG KIPAS PASIR,0.09,6,75000
2024,JAWA TIMUR,CENDRO KARANG,0.08,1,12000
2024,JAWA TIMUR,SETUHUK BIRU INDO-PASIFIK,0.07,1,15000
2024,JAWA TIMUR,LENCAM GIGI KECIL,0.06,2,28000
2024,JAWA TIMUR,CIPA-CIPA,0.05,0,6090
2024,JAWA TIMUR,IKAN SEBELAH MATA KANAN,0.02,1,25000
2024,JAWA TIMUR,IKAN KAKATUA,0.02,1,45000
2024,JAWA TIMUR,HIU MAKO SIRIP PENDEK,0.01,0,14720
2024,JAWA TIMUR,PARI DURI,0.01,0,11000
2024,JAWA TIMUR,ALU-ALU JELO,0.0,0,13826
